--------------------------------------------------------
--  File created - Tuesday-April-15-2014   
--------------------------------------------------------
DROP TABLE "BOOKING" cascade constraints;
DROP TABLE "BUILDING" cascade constraints;
DROP TABLE "CONFIGURATION" cascade constraints;
DROP TABLE "EQUIPMENT" cascade constraints;
DROP TABLE "EQUIPMENTALLOCATION" cascade constraints;
DROP TABLE "EVENT" cascade constraints;
DROP TABLE "LOCATION" cascade constraints;
DROP TABLE "PCALLOCATION" cascade constraints;
DROP TABLE "STAFF" cascade constraints;
DROP SEQUENCE "BUILDINGID_SEQ";
DROP SEQUENCE "CONFIGURATIONTYPE_SEQ";
DROP SEQUENCE "EQUIPMENT_SEQ";
DROP SEQUENCE "EVENTBOOKING_SEQ";
DROP SEQUENCE "EVENT_SEQ";
DROP SEQUENCE "LOCATION_SEQ";
DROP SEQUENCE "PC_SEQ";
DROP SEQUENCE "STAFF_SEQ";
--------------------------------------------------------
--  DDL for Sequence BUILDINGID_SEQ
--------------------------------------------------------

   CREATE SEQUENCE  "BUILDINGID_SEQ"  MINVALUE 0 MAXVALUE 9999999999 INCREMENT BY 1 START WITH 1000 NOCACHE  NOORDER  NOCYCLE
--------------------------------------------------------
--  DDL for Sequence CONFIGURATIONTYPE_SEQ
--------------------------------------------------------

   CREATE SEQUENCE  "CONFIGURATIONTYPE_SEQ"  MINVALUE 1 MAXVALUE 9999999999999999999999999999 INCREMENT BY 1 START WITH 1 CACHE 20 NOORDER  NOCYCLE
--------------------------------------------------------
--  DDL for Sequence EQUIPMENT_SEQ
--------------------------------------------------------

   CREATE SEQUENCE  "EQUIPMENT_SEQ"  MINVALUE 1 MAXVALUE 9999999999999999999999999999 INCREMENT BY 1 START WITH 111047 NOCACHE  NOORDER  NOCYCLE
--------------------------------------------------------
--  DDL for Sequence EVENTBOOKING_SEQ
--------------------------------------------------------

   CREATE SEQUENCE  "EVENTBOOKING_SEQ"  MINVALUE 1 MAXVALUE 9999999999999999999999999999 INCREMENT BY 1 START WITH 5008 NOCACHE  NOORDER  NOCYCLE
--------------------------------------------------------
--  DDL for Sequence EVENT_SEQ
--------------------------------------------------------

   CREATE SEQUENCE  "EVENT_SEQ"  MINVALUE 1 MAXVALUE 9999999999999999999999999999 INCREMENT BY 1 START WITH 110 NOCACHE  NOORDER  NOCYCLE
--------------------------------------------------------
--  DDL for Sequence LOCATION_SEQ
--------------------------------------------------------

   CREATE SEQUENCE  "LOCATION_SEQ"  MINVALUE 1 MAXVALUE 9999999999999999999999999999 INCREMENT BY 1 START WITH 110132 NOCACHE  NOORDER  NOCYCLE
--------------------------------------------------------
--  DDL for Sequence PC_SEQ
--------------------------------------------------------

   CREATE SEQUENCE  "PC_SEQ"  MINVALUE 1 MAXVALUE 9999999999999999999999999999 INCREMENT BY 1 START WITH 102238 NOCACHE  NOORDER  NOCYCLE
--------------------------------------------------------
--  DDL for Sequence STAFF_SEQ
--------------------------------------------------------

   CREATE SEQUENCE  "STAFF_SEQ"  MINVALUE 1 MAXVALUE 9999999999999999999999999999 INCREMENT BY 1 START WITH 21 CACHE 20 NOORDER  NOCYCLE
--------------------------------------------------------
--  DDL for Table BOOKING
--------------------------------------------------------

  CREATE TABLE "BOOKING" 
   (	"LOCATIONID" NUMBER(6,0), 
	"EVENTID" NUMBER(6,0), 
	"EVENTSTART" DATE, 
	"EVENTEND" DATE
   )
  GRANT FLASHBACK ON "BOOKING" TO "B2029843"
  GRANT FLASHBACK ON "BOOKING" TO "B2023876"
  GRANT DEBUG ON "BOOKING" TO "B2029843"
  GRANT DEBUG ON "BOOKING" TO "B2023876"
  GRANT QUERY REWRITE ON "BOOKING" TO "B2029843"
  GRANT QUERY REWRITE ON "BOOKING" TO "B2023876"
  GRANT ON COMMIT REFRESH ON "BOOKING" TO "B2029843"
  GRANT ON COMMIT REFRESH ON "BOOKING" TO "B2023876"
  GRANT REFERENCES ON "BOOKING" TO "B2029843"
  GRANT REFERENCES ON "BOOKING" TO "B2023876"
  GRANT UPDATE ON "BOOKING" TO "B2029843"
  GRANT UPDATE ON "BOOKING" TO "B2023876"
  GRANT SELECT ON "BOOKING" TO "B2029843"
  GRANT SELECT ON "BOOKING" TO "B2023876"
  GRANT INSERT ON "BOOKING" TO "B2029843"
  GRANT INSERT ON "BOOKING" TO "B2023876"
  GRANT INDEX ON "BOOKING" TO "B2029843"
  GRANT INDEX ON "BOOKING" TO "B2023876"
  GRANT DELETE ON "BOOKING" TO "B2029843"
  GRANT DELETE ON "BOOKING" TO "B2023876"
  GRANT ALTER ON "BOOKING" TO "B2029843"
  GRANT ALTER ON "BOOKING" TO "B2023876"
--------------------------------------------------------
--  DDL for Table BUILDING
--------------------------------------------------------

  CREATE TABLE "BUILDING" 
   (	"BUILDINGNAME" VARCHAR2(50 BYTE), 
	"CAMPUS" VARCHAR2(50 BYTE), 
	"ADDRESS" VARCHAR2(50 BYTE), 
	"RECEPTIONPHONENO" VARCHAR2(15 BYTE), 
	"BUILDINGID" NUMBER(4,0)
   )
  GRANT FLASHBACK ON "BUILDING" TO "B2029843"
  GRANT FLASHBACK ON "BUILDING" TO "B2023876"
  GRANT DEBUG ON "BUILDING" TO "B2029843"
  GRANT DEBUG ON "BUILDING" TO "B2023876"
  GRANT QUERY REWRITE ON "BUILDING" TO "B2029843"
  GRANT QUERY REWRITE ON "BUILDING" TO "B2023876"
  GRANT ON COMMIT REFRESH ON "BUILDING" TO "B2029843"
  GRANT ON COMMIT REFRESH ON "BUILDING" TO "B2023876"
  GRANT REFERENCES ON "BUILDING" TO "B2029843"
  GRANT REFERENCES ON "BUILDING" TO "B2023876"
  GRANT UPDATE ON "BUILDING" TO "B2029843"
  GRANT UPDATE ON "BUILDING" TO "B2023876"
  GRANT SELECT ON "BUILDING" TO "B2029843"
  GRANT SELECT ON "BUILDING" TO "B2023876"
  GRANT INSERT ON "BUILDING" TO "B2029843"
  GRANT INSERT ON "BUILDING" TO "B2023876"
  GRANT INDEX ON "BUILDING" TO "B2029843"
  GRANT INDEX ON "BUILDING" TO "B2023876"
  GRANT DELETE ON "BUILDING" TO "B2029843"
  GRANT DELETE ON "BUILDING" TO "B2023876"
  GRANT ALTER ON "BUILDING" TO "B2029843"
  GRANT ALTER ON "BUILDING" TO "B2023876"
--------------------------------------------------------
--  DDL for Table CONFIGURATION
--------------------------------------------------------

  CREATE TABLE "CONFIGURATION" 
   (	"LOCATIONID" NUMBER(6,0), 
	"ROWCAPACITY" NUMBER(5,0), 
	"ISLANDCAPACITY" NUMBER(5,0), 
	"HORSESHOECAPACITY" NUMBER(5,0)
   )
  GRANT FLASHBACK ON "CONFIGURATION" TO "B2029843"
  GRANT FLASHBACK ON "CONFIGURATION" TO "B2023876"
  GRANT DEBUG ON "CONFIGURATION" TO "B2029843"
  GRANT DEBUG ON "CONFIGURATION" TO "B2023876"
  GRANT QUERY REWRITE ON "CONFIGURATION" TO "B2029843"
  GRANT QUERY REWRITE ON "CONFIGURATION" TO "B2023876"
  GRANT ON COMMIT REFRESH ON "CONFIGURATION" TO "B2029843"
  GRANT ON COMMIT REFRESH ON "CONFIGURATION" TO "B2023876"
  GRANT REFERENCES ON "CONFIGURATION" TO "B2029843"
  GRANT REFERENCES ON "CONFIGURATION" TO "B2023876"
  GRANT UPDATE ON "CONFIGURATION" TO "B2029843"
  GRANT UPDATE ON "CONFIGURATION" TO "B2023876"
  GRANT SELECT ON "CONFIGURATION" TO "B2029843"
  GRANT SELECT ON "CONFIGURATION" TO "B2023876"
  GRANT INSERT ON "CONFIGURATION" TO "B2029843"
  GRANT INSERT ON "CONFIGURATION" TO "B2023876"
  GRANT INDEX ON "CONFIGURATION" TO "B2029843"
  GRANT INDEX ON "CONFIGURATION" TO "B2023876"
  GRANT DELETE ON "CONFIGURATION" TO "B2029843"
  GRANT DELETE ON "CONFIGURATION" TO "B2023876"
  GRANT ALTER ON "CONFIGURATION" TO "B2029843"
  GRANT ALTER ON "CONFIGURATION" TO "B2023876"
--------------------------------------------------------
--  DDL for Table EQUIPMENT
--------------------------------------------------------

  CREATE TABLE "EQUIPMENT" 
   (	"EQUIPMENTID" NUMBER(6,0), 
	"NAME" VARCHAR2(50 CHAR), 
	"TYPE" VARCHAR2(50 CHAR), 
	"MAKE" VARCHAR2(50 CHAR), 
	"DESCRIPTION" VARCHAR2(200 CHAR), 
	"CATEGORY" VARCHAR2(50 CHAR)
   )
  GRANT FLASHBACK ON "EQUIPMENT" TO "B2029843"
  GRANT FLASHBACK ON "EQUIPMENT" TO "B2023876"
  GRANT DEBUG ON "EQUIPMENT" TO "B2029843"
  GRANT DEBUG ON "EQUIPMENT" TO "B2023876"
  GRANT QUERY REWRITE ON "EQUIPMENT" TO "B2029843"
  GRANT QUERY REWRITE ON "EQUIPMENT" TO "B2023876"
  GRANT ON COMMIT REFRESH ON "EQUIPMENT" TO "B2029843"
  GRANT ON COMMIT REFRESH ON "EQUIPMENT" TO "B2023876"
  GRANT REFERENCES ON "EQUIPMENT" TO "B2029843"
  GRANT REFERENCES ON "EQUIPMENT" TO "B2023876"
  GRANT UPDATE ON "EQUIPMENT" TO "B2029843"
  GRANT UPDATE ON "EQUIPMENT" TO "B2023876"
  GRANT SELECT ON "EQUIPMENT" TO "B2029843"
  GRANT SELECT ON "EQUIPMENT" TO "B2023876"
  GRANT INSERT ON "EQUIPMENT" TO "B2029843"
  GRANT INSERT ON "EQUIPMENT" TO "B2023876"
  GRANT INDEX ON "EQUIPMENT" TO "B2029843"
  GRANT INDEX ON "EQUIPMENT" TO "B2023876"
  GRANT DELETE ON "EQUIPMENT" TO "B2029843"
  GRANT DELETE ON "EQUIPMENT" TO "B2023876"
  GRANT ALTER ON "EQUIPMENT" TO "B2029843"
  GRANT ALTER ON "EQUIPMENT" TO "B2023876"
--------------------------------------------------------
--  DDL for Table EQUIPMENTALLOCATION
--------------------------------------------------------

  CREATE TABLE "EQUIPMENTALLOCATION" 
   (	"LOCATIONID" NUMBER(6,0), 
	"EQUIPMENTID" NUMBER(6,0), 
	"QUANTITY" NUMBER(6,0) DEFAULT 0
   )
  GRANT FLASHBACK ON "EQUIPMENTALLOCATION" TO "B2029843"
  GRANT FLASHBACK ON "EQUIPMENTALLOCATION" TO "B2023876"
  GRANT DEBUG ON "EQUIPMENTALLOCATION" TO "B2029843"
  GRANT DEBUG ON "EQUIPMENTALLOCATION" TO "B2023876"
  GRANT QUERY REWRITE ON "EQUIPMENTALLOCATION" TO "B2029843"
  GRANT QUERY REWRITE ON "EQUIPMENTALLOCATION" TO "B2023876"
  GRANT ON COMMIT REFRESH ON "EQUIPMENTALLOCATION" TO "B2029843"
  GRANT ON COMMIT REFRESH ON "EQUIPMENTALLOCATION" TO "B2023876"
  GRANT REFERENCES ON "EQUIPMENTALLOCATION" TO "B2029843"
  GRANT REFERENCES ON "EQUIPMENTALLOCATION" TO "B2023876"
  GRANT UPDATE ON "EQUIPMENTALLOCATION" TO "B2029843"
  GRANT UPDATE ON "EQUIPMENTALLOCATION" TO "B2023876"
  GRANT SELECT ON "EQUIPMENTALLOCATION" TO "B2029843"
  GRANT SELECT ON "EQUIPMENTALLOCATION" TO "B2023876"
  GRANT INSERT ON "EQUIPMENTALLOCATION" TO "B2029843"
  GRANT INSERT ON "EQUIPMENTALLOCATION" TO "B2023876"
  GRANT INDEX ON "EQUIPMENTALLOCATION" TO "B2029843"
  GRANT INDEX ON "EQUIPMENTALLOCATION" TO "B2023876"
  GRANT DELETE ON "EQUIPMENTALLOCATION" TO "B2029843"
  GRANT DELETE ON "EQUIPMENTALLOCATION" TO "B2023876"
  GRANT ALTER ON "EQUIPMENTALLOCATION" TO "B2029843"
  GRANT ALTER ON "EQUIPMENTALLOCATION" TO "B2023876"
--------------------------------------------------------
--  DDL for Table EVENT
--------------------------------------------------------

  CREATE TABLE "EVENT" 
   (	"EVENTID" NUMBER(6,0), 
	"EVENTNAME" VARCHAR2(100 CHAR), 
	"EVENTPURPOSE" VARCHAR2(100 CHAR), 
	"FACULTY" VARCHAR2(100 CHAR), 
	"ORGANISER" VARCHAR2(50 BYTE), 
	"STAFFID" NUMBER(6,0)
   )
  GRANT FLASHBACK ON "EVENT" TO "B2029843"
  GRANT FLASHBACK ON "EVENT" TO "B2023876"
  GRANT DEBUG ON "EVENT" TO "B2029843"
  GRANT DEBUG ON "EVENT" TO "B2023876"
  GRANT QUERY REWRITE ON "EVENT" TO "B2029843"
  GRANT QUERY REWRITE ON "EVENT" TO "B2023876"
  GRANT ON COMMIT REFRESH ON "EVENT" TO "B2029843"
  GRANT ON COMMIT REFRESH ON "EVENT" TO "B2023876"
  GRANT REFERENCES ON "EVENT" TO "B2029843"
  GRANT REFERENCES ON "EVENT" TO "B2023876"
  GRANT UPDATE ON "EVENT" TO "B2029843"
  GRANT UPDATE ON "EVENT" TO "B2023876"
  GRANT SELECT ON "EVENT" TO "B2029843"
  GRANT SELECT ON "EVENT" TO "B2023876"
  GRANT INSERT ON "EVENT" TO "B2029843"
  GRANT INSERT ON "EVENT" TO "B2023876"
  GRANT INDEX ON "EVENT" TO "B2029843"
  GRANT INDEX ON "EVENT" TO "B2023876"
  GRANT DELETE ON "EVENT" TO "B2029843"
  GRANT DELETE ON "EVENT" TO "B2023876"
  GRANT ALTER ON "EVENT" TO "B2029843"
  GRANT ALTER ON "EVENT" TO "B2023876"
--------------------------------------------------------
--  DDL for Table LOCATION
--------------------------------------------------------

  CREATE TABLE "LOCATION" 
   (	"LOCATIONID" NUMBER(6,0), 
	"FLOOR" VARCHAR2(1 BYTE), 
	"TYPE" VARCHAR2(100 BYTE), 
	"ROOMNO" VARCHAR2(4 BYTE), 
	"CURRENTCONFIG" VARCHAR2(1 BYTE), 
	"LENGTH" NUMBER(4,1) DEFAULT 0, 
	"WIDTH" NUMBER(4,1) DEFAULT 0, 
	"BUILDINGID" NUMBER(4,0)
   )
  GRANT FLASHBACK ON "LOCATION" TO "B2029843"
  GRANT FLASHBACK ON "LOCATION" TO "B2023876"
  GRANT DEBUG ON "LOCATION" TO "B2029843"
  GRANT DEBUG ON "LOCATION" TO "B2023876"
  GRANT QUERY REWRITE ON "LOCATION" TO "B2029843"
  GRANT QUERY REWRITE ON "LOCATION" TO "B2023876"
  GRANT ON COMMIT REFRESH ON "LOCATION" TO "B2029843"
  GRANT ON COMMIT REFRESH ON "LOCATION" TO "B2023876"
  GRANT REFERENCES ON "LOCATION" TO "B2029843"
  GRANT REFERENCES ON "LOCATION" TO "B2023876"
  GRANT UPDATE ON "LOCATION" TO "B2029843"
  GRANT UPDATE ON "LOCATION" TO "B2023876"
  GRANT SELECT ON "LOCATION" TO "B2029843"
  GRANT SELECT ON "LOCATION" TO "B2023876"
  GRANT INSERT ON "LOCATION" TO "B2029843"
  GRANT INSERT ON "LOCATION" TO "B2023876"
  GRANT INDEX ON "LOCATION" TO "B2029843"
  GRANT INDEX ON "LOCATION" TO "B2023876"
  GRANT DELETE ON "LOCATION" TO "B2029843"
  GRANT DELETE ON "LOCATION" TO "B2023876"
  GRANT ALTER ON "LOCATION" TO "B2029843"
  GRANT ALTER ON "LOCATION" TO "B2023876"
--------------------------------------------------------
--  DDL for Table PCALLOCATION
--------------------------------------------------------

  CREATE TABLE "PCALLOCATION" 
   (	"PCID" NUMBER(6,0), 
	"PCROLE" VARCHAR2(20 BYTE), 
	"LOCATIONID" NUMBER(6,0)
   )
  GRANT FLASHBACK ON "PCALLOCATION" TO "B2029843"
  GRANT FLASHBACK ON "PCALLOCATION" TO "B2023876"
  GRANT DEBUG ON "PCALLOCATION" TO "B2029843"
  GRANT DEBUG ON "PCALLOCATION" TO "B2023876"
  GRANT QUERY REWRITE ON "PCALLOCATION" TO "B2029843"
  GRANT QUERY REWRITE ON "PCALLOCATION" TO "B2023876"
  GRANT ON COMMIT REFRESH ON "PCALLOCATION" TO "B2029843"
  GRANT ON COMMIT REFRESH ON "PCALLOCATION" TO "B2023876"
  GRANT REFERENCES ON "PCALLOCATION" TO "B2029843"
  GRANT REFERENCES ON "PCALLOCATION" TO "B2023876"
  GRANT UPDATE ON "PCALLOCATION" TO "B2029843"
  GRANT UPDATE ON "PCALLOCATION" TO "B2023876"
  GRANT SELECT ON "PCALLOCATION" TO "B2029843"
  GRANT SELECT ON "PCALLOCATION" TO "B2023876"
  GRANT INSERT ON "PCALLOCATION" TO "B2029843"
  GRANT INSERT ON "PCALLOCATION" TO "B2023876"
  GRANT INDEX ON "PCALLOCATION" TO "B2029843"
  GRANT INDEX ON "PCALLOCATION" TO "B2023876"
  GRANT DELETE ON "PCALLOCATION" TO "B2029843"
  GRANT DELETE ON "PCALLOCATION" TO "B2023876"
  GRANT ALTER ON "PCALLOCATION" TO "B2029843"
  GRANT ALTER ON "PCALLOCATION" TO "B2023876"
--------------------------------------------------------
--  DDL for Table STAFF
--------------------------------------------------------

  CREATE TABLE "STAFF" 
   (	"STAFFID" NUMBER(6,0), 
	"NAME" VARCHAR2(100 BYTE), 
	"JOB" VARCHAR2(100 BYTE), 
	"WORKPHONENO" VARCHAR2(20 BYTE), 
	"HOMEPHONENO" VARCHAR2(20 BYTE), 
	"EMAIL" VARCHAR2(100 BYTE), 
	"ADDRESS" VARCHAR2(100 BYTE), 
	"POSTCODE" VARCHAR2(10 BYTE), 
	"LOCATIONID" NUMBER(6,0)
   )
  GRANT DEBUG ON "STAFF" TO "B2023876"
  GRANT QUERY REWRITE ON "STAFF" TO "B2029843"
  GRANT QUERY REWRITE ON "STAFF" TO "B2023876"
  GRANT ON COMMIT REFRESH ON "STAFF" TO "B2029843"
  GRANT ON COMMIT REFRESH ON "STAFF" TO "B2023876"
  GRANT REFERENCES ON "STAFF" TO "B2029843"
  GRANT REFERENCES ON "STAFF" TO "B2023876"
  GRANT UPDATE ON "STAFF" TO "B2029843"
  GRANT UPDATE ON "STAFF" TO "B2023876"
  GRANT SELECT ON "STAFF" TO "B2029843"
  GRANT SELECT ON "STAFF" TO "B2023876"
  GRANT INSERT ON "STAFF" TO "B2029843"
  GRANT INSERT ON "STAFF" TO "B2023876"
  GRANT INDEX ON "STAFF" TO "B2029843"
  GRANT INDEX ON "STAFF" TO "B2023876"
  GRANT DELETE ON "STAFF" TO "B2029843"
  GRANT DELETE ON "STAFF" TO "B2023876"
  GRANT ALTER ON "STAFF" TO "B2029843"
  GRANT ALTER ON "STAFF" TO "B2023876"
  GRANT FLASHBACK ON "STAFF" TO "B2029843"
  GRANT FLASHBACK ON "STAFF" TO "B2023876"
  GRANT DEBUG ON "STAFF" TO "B2029843"
REM INSERTING into BOOKING
SET DEFINE OFF;
Insert into BOOKING (LOCATIONID,EVENTID,EVENTSTART,EVENTEND) values (110007,100,to_date('04-OCT-13','DD-MON-RR'),to_date('04-OCT-13','DD-MON-RR'));
Insert into BOOKING (LOCATIONID,EVENTID,EVENTSTART,EVENTEND) values (110007,101,to_date('04-OCT-13','DD-MON-RR'),to_date('04-OCT-13','DD-MON-RR'));
Insert into BOOKING (LOCATIONID,EVENTID,EVENTSTART,EVENTEND) values (110015,102,to_date('04-OCT-13','DD-MON-RR'),to_date('04-OCT-13','DD-MON-RR'));
Insert into BOOKING (LOCATIONID,EVENTID,EVENTSTART,EVENTEND) values (110119,103,to_date('04-OCT-13','DD-MON-RR'),to_date('04-OCT-13','DD-MON-RR'));
Insert into BOOKING (LOCATIONID,EVENTID,EVENTSTART,EVENTEND) values (110119,104,to_date('04-OCT-13','DD-MON-RR'),to_date('04-OCT-13','DD-MON-RR'));
Insert into BOOKING (LOCATIONID,EVENTID,EVENTSTART,EVENTEND) values (110119,105,to_date('04-OCT-13','DD-MON-RR'),to_date('04-OCT-13','DD-MON-RR'));
Insert into BOOKING (LOCATIONID,EVENTID,EVENTSTART,EVENTEND) values (110119,106,to_date('04-NOV-13','DD-MON-RR'),to_date('04-NOV-13','DD-MON-RR'));
Insert into BOOKING (LOCATIONID,EVENTID,EVENTSTART,EVENTEND) values (110019,107,to_date('04-NOV-13','DD-MON-RR'),to_date('04-NOV-13','DD-MON-RR'));
REM INSERTING into BUILDING
SET DEFINE OFF;
Insert into BUILDING (BUILDINGNAME,CAMPUS,ADDRESS,RECEPTIONPHONENO,BUILDINGID) values ('Allardyce','City','23 Grubb Street, Anytown, AT3 6BW','0800 346789',1000);
Insert into BUILDING (BUILDINGNAME,CAMPUS,ADDRESS,RECEPTIONPHONENO,BUILDINGID) values ('Banks','City','Bank House, Grubb Street, Anytown, AT3 7BW','0800 346323',1001);
Insert into BUILDING (BUILDINGNAME,CAMPUS,ADDRESS,RECEPTIONPHONENO,BUILDINGID) values ('Carterman','Park','Bleak Tower, Park Rd, Royston, AT12 2RS ','0800 346523',1002);
Insert into BUILDING (BUILDINGNAME,CAMPUS,ADDRESS,RECEPTIONPHONENO,BUILDINGID) values ('Devon','Park','28-36 Queen St, Royston, AT12 3RT','0800 343876',1003);
REM INSERTING into CONFIGURATION
SET DEFINE OFF;
Insert into CONFIGURATION (LOCATIONID,ROWCAPACITY,ISLANDCAPACITY,HORSESHOECAPACITY) values (110000,null,null,null);
Insert into CONFIGURATION (LOCATIONID,ROWCAPACITY,ISLANDCAPACITY,HORSESHOECAPACITY) values (110001,null,null,null);
Insert into CONFIGURATION (LOCATIONID,ROWCAPACITY,ISLANDCAPACITY,HORSESHOECAPACITY) values (110002,null,null,null);
Insert into CONFIGURATION (LOCATIONID,ROWCAPACITY,ISLANDCAPACITY,HORSESHOECAPACITY) values (110003,null,null,null);
Insert into CONFIGURATION (LOCATIONID,ROWCAPACITY,ISLANDCAPACITY,HORSESHOECAPACITY) values (110004,null,null,null);
Insert into CONFIGURATION (LOCATIONID,ROWCAPACITY,ISLANDCAPACITY,HORSESHOECAPACITY) values (110050,null,null,null);
Insert into CONFIGURATION (LOCATIONID,ROWCAPACITY,ISLANDCAPACITY,HORSESHOECAPACITY) values (110051,null,null,null);
Insert into CONFIGURATION (LOCATIONID,ROWCAPACITY,ISLANDCAPACITY,HORSESHOECAPACITY) values (110052,null,null,null);
Insert into CONFIGURATION (LOCATIONID,ROWCAPACITY,ISLANDCAPACITY,HORSESHOECAPACITY) values (110053,null,null,null);
Insert into CONFIGURATION (LOCATIONID,ROWCAPACITY,ISLANDCAPACITY,HORSESHOECAPACITY) values (110054,null,null,null);
Insert into CONFIGURATION (LOCATIONID,ROWCAPACITY,ISLANDCAPACITY,HORSESHOECAPACITY) values (110055,null,null,null);
Insert into CONFIGURATION (LOCATIONID,ROWCAPACITY,ISLANDCAPACITY,HORSESHOECAPACITY) values (110056,null,null,null);
Insert into CONFIGURATION (LOCATIONID,ROWCAPACITY,ISLANDCAPACITY,HORSESHOECAPACITY) values (110057,null,null,null);
Insert into CONFIGURATION (LOCATIONID,ROWCAPACITY,ISLANDCAPACITY,HORSESHOECAPACITY) values (110058,null,null,null);
Insert into CONFIGURATION (LOCATIONID,ROWCAPACITY,ISLANDCAPACITY,HORSESHOECAPACITY) values (110059,30,24,null);
Insert into CONFIGURATION (LOCATIONID,ROWCAPACITY,ISLANDCAPACITY,HORSESHOECAPACITY) values (110060,30,24,null);
Insert into CONFIGURATION (LOCATIONID,ROWCAPACITY,ISLANDCAPACITY,HORSESHOECAPACITY) values (110061,30,24,null);
Insert into CONFIGURATION (LOCATIONID,ROWCAPACITY,ISLANDCAPACITY,HORSESHOECAPACITY) values (110062,30,24,null);
Insert into CONFIGURATION (LOCATIONID,ROWCAPACITY,ISLANDCAPACITY,HORSESHOECAPACITY) values (110063,30,24,null);
Insert into CONFIGURATION (LOCATIONID,ROWCAPACITY,ISLANDCAPACITY,HORSESHOECAPACITY) values (110064,30,24,null);
Insert into CONFIGURATION (LOCATIONID,ROWCAPACITY,ISLANDCAPACITY,HORSESHOECAPACITY) values (110065,30,24,null);
Insert into CONFIGURATION (LOCATIONID,ROWCAPACITY,ISLANDCAPACITY,HORSESHOECAPACITY) values (110066,null,null,null);
Insert into CONFIGURATION (LOCATIONID,ROWCAPACITY,ISLANDCAPACITY,HORSESHOECAPACITY) values (110067,null,null,null);
Insert into CONFIGURATION (LOCATIONID,ROWCAPACITY,ISLANDCAPACITY,HORSESHOECAPACITY) values (110068,null,null,null);
Insert into CONFIGURATION (LOCATIONID,ROWCAPACITY,ISLANDCAPACITY,HORSESHOECAPACITY) values (110069,12,null,16);
Insert into CONFIGURATION (LOCATIONID,ROWCAPACITY,ISLANDCAPACITY,HORSESHOECAPACITY) values (110070,null,null,null);
REM INSERTING into EQUIPMENT
SET DEFINE OFF;
Insert into EQUIPMENT (EQUIPMENTID,NAME,TYPE,MAKE,DESCRIPTION,CATEGORY) values (111000,'Bench','SC81','Omni-furn','4-person vinyl bench seat','Furniture');
Insert into EQUIPMENT (EQUIPMENTID,NAME,TYPE,MAKE,DESCRIPTION,CATEGORY) values (111001,'Chair','CRC03','Omni-furn','Metal frame wooden armed conference room chair','Furniture');
Insert into EQUIPMENT (EQUIPMENTID,NAME,TYPE,MAKE,DESCRIPTION,CATEGORY) values (111002,'Chair','EC100','Omni-furn','Metal frame vinyl covered armless easy chair.','Furniture');
Insert into EQUIPMENT (EQUIPMENTID,NAME,TYPE,MAKE,DESCRIPTION,CATEGORY) values (111003,'Chair','TRC7','Omni-furn','Metal frame armless upright chair.  Black hessian fabric. ','Furniture');
Insert into EQUIPMENT (EQUIPMENTID,NAME,TYPE,MAKE,DESCRIPTION,CATEGORY) values (111004,'Cupboard','Stor-10','Stor-It Ltd','1000 wide 3 shelf','Furniture');
Insert into EQUIPMENT (EQUIPMENTID,NAME,TYPE,MAKE,DESCRIPTION,CATEGORY) values (111005,'Cupboard','Stor-15','Stor-It Ltd','1500 wide 3 shelf','Furniture');
Insert into EQUIPMENT (EQUIPMENTID,NAME,TYPE,MAKE,DESCRIPTION,CATEGORY) values (111006,'Cupboard','Stor-20','Stor-It Ltd','2000 wide 3 shelf','Furniture');
Insert into EQUIPMENT (EQUIPMENTID,NAME,TYPE,MAKE,DESCRIPTION,CATEGORY) values (111007,'Desk','OD25','Omni-furn','Mahogany 3 drawers','Furniture');
Insert into EQUIPMENT (EQUIPMENTID,NAME,TYPE,MAKE,DESCRIPTION,CATEGORY) values (111008,'Filing Cabinet','Std4Dr','Drawers-R-Us','Cream - 4 drawers','Furniture');
Insert into EQUIPMENT (EQUIPMENTID,NAME,TYPE,MAKE,DESCRIPTION,CATEGORY) values (111009,'Lectern','Deluxe','Magilec','1500x1000 Oak','Furniture');
Insert into EQUIPMENT (EQUIPMENTID,NAME,TYPE,MAKE,DESCRIPTION,CATEGORY) values (111010,'Lectern','Standard','Magilec','1000x1000 Mahogany','Furniture');
Insert into EQUIPMENT (EQUIPMENTID,NAME,TYPE,MAKE,DESCRIPTION,CATEGORY) values (111011,'Seat','LT890','Omni-furn','Polycarbonate bench seat 1500mm long','Furniture');
Insert into EQUIPMENT (EQUIPMENTID,NAME,TYPE,MAKE,DESCRIPTION,CATEGORY) values (111012,'Table','T17','Omni-furn','1000 x 500  Laminated wood effect, metal frame','Furniture');
Insert into EQUIPMENT (EQUIPMENTID,NAME,TYPE,MAKE,DESCRIPTION,CATEGORY) values (111013,'Table','T20','Omni-furn','1500 x 500  Laminated wood effect, metal frame','Furniture');
Insert into EQUIPMENT (EQUIPMENTID,NAME,TYPE,MAKE,DESCRIPTION,CATEGORY) values (111014,'Swivel Chair','CLSC53','Plushman & Co','Computer chair, swivel, 5-arm castor base.  Adjustable height and back. Black hessian fabric. ','Furniture');
Insert into EQUIPMENT (EQUIPMENTID,NAME,TYPE,MAKE,DESCRIPTION,CATEGORY) values (111015,'Data Projector','OV-16G','Viewdata Corp','Standard classroom unit','Audio-Visual & Repro');
Insert into EQUIPMENT (EQUIPMENTID,NAME,TYPE,MAKE,DESCRIPTION,CATEGORY) values (111016,'Data Projector','OV-16G-Twin','Viewdata Corp','Twin-screen classroom unit','Audio-Visual & Repro');
Insert into EQUIPMENT (EQUIPMENTID,NAME,TYPE,MAKE,DESCRIPTION,CATEGORY) values (111017,'Data Projector','OV-2000G','Viewdata Corp','Theatre unit','Audio-Visual & Repro');
Insert into EQUIPMENT (EQUIPMENTID,NAME,TYPE,MAKE,DESCRIPTION,CATEGORY) values (111018,'Laser Printer','HP-3230CN','Hewlett Packard','Standard A4-only network laser printer','Audio-Visual & Repro');
Insert into EQUIPMENT (EQUIPMENTID,NAME,TYPE,MAKE,DESCRIPTION,CATEGORY) values (111019,'Laser Printer','HP-6889CN','Hewlett Packard','Hi-speed A4/A3 network laser printer','Audio-Visual & Repro');
Insert into EQUIPMENT (EQUIPMENTID,NAME,TYPE,MAKE,DESCRIPTION,CATEGORY) values (111020,'Lectern PC','DX5420','Dell','Dell Optiplex 5420  Widescreen  4GbRAM 50GbHDD','Audio-Visual & Repro');
Insert into EQUIPMENT (EQUIPMENTID,NAME,TYPE,MAKE,DESCRIPTION,CATEGORY) values (111021,'Student / Lab PC','DX3500','Dell','Dell Optiplex 3500  Widescreen  2GbRAM 30GbHDD','Audio-Visual & Repro');
Insert into EQUIPMENT (EQUIPMENTID,NAME,TYPE,MAKE,DESCRIPTION,CATEGORY) values (111022,'Office PC','DX4000',null,'Dell Optiplex 4000  Widescreen 4GbRAM 100GbHDD','Audio-Visual & Repro');
Insert into EQUIPMENT (EQUIPMENTID,NAME,TYPE,MAKE,DESCRIPTION,CATEGORY) values (111023,'VideoNewsMonitor','Panasonic XXL','Panasonic','65VS10 65-inch Large Format Display','Audio-Visual & Repro');
Insert into EQUIPMENT (EQUIPMENTID,NAME,TYPE,MAKE,DESCRIPTION,CATEGORY) values (111024,'Visualiser','Canon45','Canon','Easi-View Visualiser  ','Audio-Visual & Repro');
Insert into EQUIPMENT (EQUIPMENTID,NAME,TYPE,MAKE,DESCRIPTION,CATEGORY) values (111025,'Photocopier','Ricoh 530J','Ricoh','High Performance multi-tray network ready copier','Audio-Visual & Repro');
Insert into EQUIPMENT (EQUIPMENTID,NAME,TYPE,MAKE,DESCRIPTION,CATEGORY) values (111026,'Fire Alarm','XG-G23','Panic Alarms','Hi- frequency multi-mode alarm siren','Building Service Equipment');
Insert into EQUIPMENT (EQUIPMENTID,NAME,TYPE,MAKE,DESCRIPTION,CATEGORY) values (111027,'Fire Extinguisher Set (x3)','FES10','Enron','5Kg Dry Powder, Foam, Water','Building Service Equipment');
Insert into EQUIPMENT (EQUIPMENTID,NAME,TYPE,MAKE,DESCRIPTION,CATEGORY) values (111028,'Fire Extinguisher Set (x5)','FES15','Enron','5Kg Dry Powder, Foam, Water, CO2, Chemical','Building Service Equipment');
Insert into EQUIPMENT (EQUIPMENTID,NAME,TYPE,MAKE,DESCRIPTION,CATEGORY) values (111029,'Lift','Otis HS6','Otis Elevator','12-Person Stainless Steel ','Building Service Equipment');
Insert into EQUIPMENT (EQUIPMENTID,NAME,TYPE,MAKE,DESCRIPTION,CATEGORY) values (111030,'Automatic Doors',null,null,null,'Building Service Equipment');
Insert into EQUIPMENT (EQUIPMENTID,NAME,TYPE,MAKE,DESCRIPTION,CATEGORY) values (111031,'Floor Polisher',null,null,null,'Building Service Equipment');
Insert into EQUIPMENT (EQUIPMENTID,NAME,TYPE,MAKE,DESCRIPTION,CATEGORY) values (111032,'Vacuum Cleaner',null,null,null,'Building Service Equipment');
Insert into EQUIPMENT (EQUIPMENTID,NAME,TYPE,MAKE,DESCRIPTION,CATEGORY) values (111033,'Hairdryer','VS-ProIV','Pifco','1KW Hair dryer','Utility Equipment');
Insert into EQUIPMENT (EQUIPMENTID,NAME,TYPE,MAKE,DESCRIPTION,CATEGORY) values (111034,'Handdrier','WD90C','Pifco','1KW Warm air hand dryer','Utility Equipment');
Insert into EQUIPMENT (EQUIPMENTID,NAME,TYPE,MAKE,DESCRIPTION,CATEGORY) values (111035,'Shower','HiFlo-JVP','Triton','Thermostatic mixer shower control & head','Utility Equipment');
Insert into EQUIPMENT (EQUIPMENTID,NAME,TYPE,MAKE,DESCRIPTION,CATEGORY) values (111036,'Sink Unit','Franke-2000','Franke','Stainless steel sink and drainer','Utility Equipment');
Insert into EQUIPMENT (EQUIPMENTID,NAME,TYPE,MAKE,DESCRIPTION,CATEGORY) values (111037,'Sink Unit','Franke-4000','Franke','Stainless steel double sink and drainer','Utility Equipment');
Insert into EQUIPMENT (EQUIPMENTID,NAME,TYPE,MAKE,DESCRIPTION,CATEGORY) values (111038,'Water Boiler','Baxi 2500','BDR Thermea','2.5Kw 2l water boiler','Utility Equipment');
Insert into EQUIPMENT (EQUIPMENTID,NAME,TYPE,MAKE,DESCRIPTION,CATEGORY) values (111039,'Water Boiler','Baxi 5000','BDR Thermea','5Kw 10l capacity water boiler','Utility Equipment');
Insert into EQUIPMENT (EQUIPMENTID,NAME,TYPE,MAKE,DESCRIPTION,CATEGORY) values (111040,'Water Cooler','Iceman12','AquaCool','12 litre water dispenser','Utility Equipment');
Insert into EQUIPMENT (EQUIPMENTID,NAME,TYPE,MAKE,DESCRIPTION,CATEGORY) values (111041,'Water Cooler','Iceman60','AquaCool','6 litre water dispenser','Utility Equipment');
Insert into EQUIPMENT (EQUIPMENTID,NAME,TYPE,MAKE,DESCRIPTION,CATEGORY) values (111042,'Refrigerator','Bosch Exx6580','Bosch ','50 litre domestic refrigerator','Utility Equipment');
Insert into EQUIPMENT (EQUIPMENTID,NAME,TYPE,MAKE,DESCRIPTION,CATEGORY) values (111043,'Vending Machine','MultiVend37','SellmoreStuff Inc.','Multi-product Packet Vending Unit','Catering Equipment');
Insert into EQUIPMENT (EQUIPMENTID,NAME,TYPE,MAKE,DESCRIPTION,CATEGORY) values (111044,'Vending Machine','MultiVend51','SellmoreStuff Inc.','Multi-product Canned Soft Drink Vending Unit','Catering Equipment');
Insert into EQUIPMENT (EQUIPMENTID,NAME,TYPE,MAKE,DESCRIPTION,CATEGORY) values (111045,'Chilled Display Cabinet','FO-2300','Ellis Displays','2000 x 1000 x 1500 Display case for sandwiches and bottled soft drinks.','Catering Equipment');
Insert into EQUIPMENT (EQUIPMENTID,NAME,TYPE,MAKE,DESCRIPTION,CATEGORY) values (111046,'Coffee Machine','Gaggia TR54','Gaggia Co','Fresh coffee and tea dispenser. Cashless.','Catering Equipment');
REM INSERTING into EQUIPMENTALLOCATION
SET DEFINE OFF;
Insert into EQUIPMENTALLOCATION (LOCATIONID,EQUIPMENTID,QUANTITY) values (110001,111027,2);
Insert into EQUIPMENTALLOCATION (LOCATIONID,EQUIPMENTID,QUANTITY) values (110001,111026,1);
Insert into EQUIPMENTALLOCATION (LOCATIONID,EQUIPMENTID,QUANTITY) values (110002,111023,1);
Insert into EQUIPMENTALLOCATION (LOCATIONID,EQUIPMENTID,QUANTITY) values (110002,111012,1);
Insert into EQUIPMENTALLOCATION (LOCATIONID,EQUIPMENTID,QUANTITY) values (110002,111002,6);
Insert into EQUIPMENTALLOCATION (LOCATIONID,EQUIPMENTID,QUANTITY) values (110002,111043,2);
Insert into EQUIPMENTALLOCATION (LOCATIONID,EQUIPMENTID,QUANTITY) values (110002,111044,1);
Insert into EQUIPMENTALLOCATION (LOCATIONID,EQUIPMENTID,QUANTITY) values (110003,111034,1);
Insert into EQUIPMENTALLOCATION (LOCATIONID,EQUIPMENTID,QUANTITY) values (110004,111034,1);
Insert into EQUIPMENTALLOCATION (LOCATIONID,EQUIPMENTID,QUANTITY) values (110005,111007,3);
Insert into EQUIPMENTALLOCATION (LOCATIONID,EQUIPMENTID,QUANTITY) values (110005,111022,3);
Insert into EQUIPMENTALLOCATION (LOCATIONID,EQUIPMENTID,QUANTITY) values (110005,111019,1);
Insert into EQUIPMENTALLOCATION (LOCATIONID,EQUIPMENTID,QUANTITY) values (110005,111025,1);
Insert into EQUIPMENTALLOCATION (LOCATIONID,EQUIPMENTID,QUANTITY) values (110006,111005,3);
Insert into EQUIPMENTALLOCATION (LOCATIONID,EQUIPMENTID,QUANTITY) values (110007,111013,9);
Insert into EQUIPMENTALLOCATION (LOCATIONID,EQUIPMENTID,QUANTITY) values (110007,111001,16);
Insert into EQUIPMENTALLOCATION (LOCATIONID,EQUIPMENTID,QUANTITY) values (110008,111011,70);
Insert into EQUIPMENTALLOCATION (LOCATIONID,EQUIPMENTID,QUANTITY) values (110008,111013,2);
Insert into EQUIPMENTALLOCATION (LOCATIONID,EQUIPMENTID,QUANTITY) values (110008,111009,1);
Insert into EQUIPMENTALLOCATION (LOCATIONID,EQUIPMENTID,QUANTITY) values (110008,111020,1);
Insert into EQUIPMENTALLOCATION (LOCATIONID,EQUIPMENTID,QUANTITY) values (110008,111017,1);
Insert into EQUIPMENTALLOCATION (LOCATIONID,EQUIPMENTID,QUANTITY) values (110008,111024,1);
Insert into EQUIPMENTALLOCATION (LOCATIONID,EQUIPMENTID,QUANTITY) values (110009,111012,16);
Insert into EQUIPMENTALLOCATION (LOCATIONID,EQUIPMENTID,QUANTITY) values (110009,111003,31);
Insert into EQUIPMENTALLOCATION (LOCATIONID,EQUIPMENTID,QUANTITY) values (110009,111020,1);
Insert into EQUIPMENTALLOCATION (LOCATIONID,EQUIPMENTID,QUANTITY) values (110009,111010,1);
Insert into EQUIPMENTALLOCATION (LOCATIONID,EQUIPMENTID,QUANTITY) values (110009,111015,1);
Insert into EQUIPMENTALLOCATION (LOCATIONID,EQUIPMENTID,QUANTITY) values (110010,111012,16);
Insert into EQUIPMENTALLOCATION (LOCATIONID,EQUIPMENTID,QUANTITY) values (110010,111003,31);
Insert into EQUIPMENTALLOCATION (LOCATIONID,EQUIPMENTID,QUANTITY) values (110010,111020,1);
Insert into EQUIPMENTALLOCATION (LOCATIONID,EQUIPMENTID,QUANTITY) values (110010,111010,1);
Insert into EQUIPMENTALLOCATION (LOCATIONID,EQUIPMENTID,QUANTITY) values (110010,111015,1);
Insert into EQUIPMENTALLOCATION (LOCATIONID,EQUIPMENTID,QUANTITY) values (110011,111012,3);
Insert into EQUIPMENTALLOCATION (LOCATIONID,EQUIPMENTID,QUANTITY) values (110011,111025,2);
Insert into EQUIPMENTALLOCATION (LOCATIONID,EQUIPMENTID,QUANTITY) values (110011,111019,2);
Insert into EQUIPMENTALLOCATION (LOCATIONID,EQUIPMENTID,QUANTITY) values (110011,111003,2);
Insert into EQUIPMENTALLOCATION (LOCATIONID,EQUIPMENTID,QUANTITY) values (110013,111027,2);
Insert into EQUIPMENTALLOCATION (LOCATIONID,EQUIPMENTID,QUANTITY) values (110013,111026,1);
Insert into EQUIPMENTALLOCATION (LOCATIONID,EQUIPMENTID,QUANTITY) values (110014,111012,16);
Insert into EQUIPMENTALLOCATION (LOCATIONID,EQUIPMENTID,QUANTITY) values (110014,111003,31);
Insert into EQUIPMENTALLOCATION (LOCATIONID,EQUIPMENTID,QUANTITY) values (110014,111020,1);
Insert into EQUIPMENTALLOCATION (LOCATIONID,EQUIPMENTID,QUANTITY) values (110014,111010,1);
Insert into EQUIPMENTALLOCATION (LOCATIONID,EQUIPMENTID,QUANTITY) values (110014,111015,1);
Insert into EQUIPMENTALLOCATION (LOCATIONID,EQUIPMENTID,QUANTITY) values (110015,111012,16);
Insert into EQUIPMENTALLOCATION (LOCATIONID,EQUIPMENTID,QUANTITY) values (110015,111003,31);
Insert into EQUIPMENTALLOCATION (LOCATIONID,EQUIPMENTID,QUANTITY) values (110015,111020,1);
Insert into EQUIPMENTALLOCATION (LOCATIONID,EQUIPMENTID,QUANTITY) values (110015,111010,1);
Insert into EQUIPMENTALLOCATION (LOCATIONID,EQUIPMENTID,QUANTITY) values (110015,111015,1);
Insert into EQUIPMENTALLOCATION (LOCATIONID,EQUIPMENTID,QUANTITY) values (110016,111012,16);
Insert into EQUIPMENTALLOCATION (LOCATIONID,EQUIPMENTID,QUANTITY) values (110016,111003,31);
Insert into EQUIPMENTALLOCATION (LOCATIONID,EQUIPMENTID,QUANTITY) values (110016,111020,1);
Insert into EQUIPMENTALLOCATION (LOCATIONID,EQUIPMENTID,QUANTITY) values (110016,111010,1);
Insert into EQUIPMENTALLOCATION (LOCATIONID,EQUIPMENTID,QUANTITY) values (110016,111015,1);
Insert into EQUIPMENTALLOCATION (LOCATIONID,EQUIPMENTID,QUANTITY) values (110017,111012,16);
Insert into EQUIPMENTALLOCATION (LOCATIONID,EQUIPMENTID,QUANTITY) values (110017,111003,31);
Insert into EQUIPMENTALLOCATION (LOCATIONID,EQUIPMENTID,QUANTITY) values (110017,111020,1);
Insert into EQUIPMENTALLOCATION (LOCATIONID,EQUIPMENTID,QUANTITY) values (110017,111010,1);
Insert into EQUIPMENTALLOCATION (LOCATIONID,EQUIPMENTID,QUANTITY) values (110017,111015,1);
Insert into EQUIPMENTALLOCATION (LOCATIONID,EQUIPMENTID,QUANTITY) values (110018,111012,16);
Insert into EQUIPMENTALLOCATION (LOCATIONID,EQUIPMENTID,QUANTITY) values (110018,111003,31);
Insert into EQUIPMENTALLOCATION (LOCATIONID,EQUIPMENTID,QUANTITY) values (110018,111020,1);
Insert into EQUIPMENTALLOCATION (LOCATIONID,EQUIPMENTID,QUANTITY) values (110018,111010,1);
Insert into EQUIPMENTALLOCATION (LOCATIONID,EQUIPMENTID,QUANTITY) values (110019,111012,4);
Insert into EQUIPMENTALLOCATION (LOCATIONID,EQUIPMENTID,QUANTITY) values (110019,111003,8);
Insert into EQUIPMENTALLOCATION (LOCATIONID,EQUIPMENTID,QUANTITY) values (110020,111038,1);
Insert into EQUIPMENTALLOCATION (LOCATIONID,EQUIPMENTID,QUANTITY) values (110020,111040,1);
Insert into EQUIPMENTALLOCATION (LOCATIONID,EQUIPMENTID,QUANTITY) values (110020,111036,1);
Insert into EQUIPMENTALLOCATION (LOCATIONID,EQUIPMENTID,QUANTITY) values (110020,111004,1);
Insert into EQUIPMENTALLOCATION (LOCATIONID,EQUIPMENTID,QUANTITY) values (110020,111042,1);
Insert into EQUIPMENTALLOCATION (LOCATIONID,EQUIPMENTID,QUANTITY) values (110021,111034,1);
Insert into EQUIPMENTALLOCATION (LOCATIONID,EQUIPMENTID,QUANTITY) values (110022,111034,1);
Insert into EQUIPMENTALLOCATION (LOCATIONID,EQUIPMENTID,QUANTITY) values (110023,111012,16);
Insert into EQUIPMENTALLOCATION (LOCATIONID,EQUIPMENTID,QUANTITY) values (110023,111003,31);
Insert into EQUIPMENTALLOCATION (LOCATIONID,EQUIPMENTID,QUANTITY) values (110023,111020,1);
Insert into EQUIPMENTALLOCATION (LOCATIONID,EQUIPMENTID,QUANTITY) values (110023,111010,1);
Insert into EQUIPMENTALLOCATION (LOCATIONID,EQUIPMENTID,QUANTITY) values (110023,111015,1);
Insert into EQUIPMENTALLOCATION (LOCATIONID,EQUIPMENTID,QUANTITY) values (110025,111028,2);
Insert into EQUIPMENTALLOCATION (LOCATIONID,EQUIPMENTID,QUANTITY) values (110025,111026,1);
Insert into EQUIPMENTALLOCATION (LOCATIONID,EQUIPMENTID,QUANTITY) values (110026,111012,5);
Insert into EQUIPMENTALLOCATION (LOCATIONID,EQUIPMENTID,QUANTITY) values (110026,111003,12);
Insert into EQUIPMENTALLOCATION (LOCATIONID,EQUIPMENTID,QUANTITY) values (110026,111021,10);
Insert into EQUIPMENTALLOCATION (LOCATIONID,EQUIPMENTID,QUANTITY) values (110027,111012,5);
Insert into EQUIPMENTALLOCATION (LOCATIONID,EQUIPMENTID,QUANTITY) values (110027,111003,12);
Insert into EQUIPMENTALLOCATION (LOCATIONID,EQUIPMENTID,QUANTITY) values (110027,111021,10);
Insert into EQUIPMENTALLOCATION (LOCATIONID,EQUIPMENTID,QUANTITY) values (110028,111012,5);
Insert into EQUIPMENTALLOCATION (LOCATIONID,EQUIPMENTID,QUANTITY) values (110028,111003,12);
Insert into EQUIPMENTALLOCATION (LOCATIONID,EQUIPMENTID,QUANTITY) values (110028,111021,10);
Insert into EQUIPMENTALLOCATION (LOCATIONID,EQUIPMENTID,QUANTITY) values (110029,111012,6);
Insert into EQUIPMENTALLOCATION (LOCATIONID,EQUIPMENTID,QUANTITY) values (110029,111003,12);
Insert into EQUIPMENTALLOCATION (LOCATIONID,EQUIPMENTID,QUANTITY) values (110030,111012,13);
Insert into EQUIPMENTALLOCATION (LOCATIONID,EQUIPMENTID,QUANTITY) values (110030,111003,25);
Insert into EQUIPMENTALLOCATION (LOCATIONID,EQUIPMENTID,QUANTITY) values (110030,111020,1);
Insert into EQUIPMENTALLOCATION (LOCATIONID,EQUIPMENTID,QUANTITY) values (110030,111010,1);
Insert into EQUIPMENTALLOCATION (LOCATIONID,EQUIPMENTID,QUANTITY) values (110030,111015,1);
Insert into EQUIPMENTALLOCATION (LOCATIONID,EQUIPMENTID,QUANTITY) values (110031,111012,14);
Insert into EQUIPMENTALLOCATION (LOCATIONID,EQUIPMENTID,QUANTITY) values (110031,111003,27);
Insert into EQUIPMENTALLOCATION (LOCATIONID,EQUIPMENTID,QUANTITY) values (110031,111020,1);
Insert into EQUIPMENTALLOCATION (LOCATIONID,EQUIPMENTID,QUANTITY) values (110031,111010,1);
Insert into EQUIPMENTALLOCATION (LOCATIONID,EQUIPMENTID,QUANTITY) values (110031,111015,1);
Insert into EQUIPMENTALLOCATION (LOCATIONID,EQUIPMENTID,QUANTITY) values (110032,111034,1);
Insert into EQUIPMENTALLOCATION (LOCATIONID,EQUIPMENTID,QUANTITY) values (110033,111034,1);
Insert into EQUIPMENTALLOCATION (LOCATIONID,EQUIPMENTID,QUANTITY) values (110034,111012,13);
Insert into EQUIPMENTALLOCATION (LOCATIONID,EQUIPMENTID,QUANTITY) values (110034,111003,25);
Insert into EQUIPMENTALLOCATION (LOCATIONID,EQUIPMENTID,QUANTITY) values (110034,111020,1);
Insert into EQUIPMENTALLOCATION (LOCATIONID,EQUIPMENTID,QUANTITY) values (110034,111010,1);
Insert into EQUIPMENTALLOCATION (LOCATIONID,EQUIPMENTID,QUANTITY) values (110034,111015,1);
Insert into EQUIPMENTALLOCATION (LOCATIONID,EQUIPMENTID,QUANTITY) values (110035,111012,14);
Insert into EQUIPMENTALLOCATION (LOCATIONID,EQUIPMENTID,QUANTITY) values (110036,111029,2);
Insert into EQUIPMENTALLOCATION (LOCATIONID,EQUIPMENTID,QUANTITY) values (110037,111029,2);
Insert into EQUIPMENTALLOCATION (LOCATIONID,EQUIPMENTID,QUANTITY) values (110039,111027,3);
Insert into EQUIPMENTALLOCATION (LOCATIONID,EQUIPMENTID,QUANTITY) values (110039,111026,1);
Insert into EQUIPMENTALLOCATION (LOCATIONID,EQUIPMENTID,QUANTITY) values (110040,111023,1);
Insert into EQUIPMENTALLOCATION (LOCATIONID,EQUIPMENTID,QUANTITY) values (110040,111012,2);
Insert into EQUIPMENTALLOCATION (LOCATIONID,EQUIPMENTID,QUANTITY) values (110040,111002,6);
Insert into EQUIPMENTALLOCATION (LOCATIONID,EQUIPMENTID,QUANTITY) values (110040,111043,3);
Insert into EQUIPMENTALLOCATION (LOCATIONID,EQUIPMENTID,QUANTITY) values (110040,111044,3);
Insert into EQUIPMENTALLOCATION (LOCATIONID,EQUIPMENTID,QUANTITY) values (110041,111034,1);
Insert into EQUIPMENTALLOCATION (LOCATIONID,EQUIPMENTID,QUANTITY) values (110042,111034,1);
Insert into EQUIPMENTALLOCATION (LOCATIONID,EQUIPMENTID,QUANTITY) values (110043,111012,3);
Insert into EQUIPMENTALLOCATION (LOCATIONID,EQUIPMENTID,QUANTITY) values (110043,111025,2);
Insert into EQUIPMENTALLOCATION (LOCATIONID,EQUIPMENTID,QUANTITY) values (110043,111019,2);
Insert into EQUIPMENTALLOCATION (LOCATIONID,EQUIPMENTID,QUANTITY) values (110043,111003,2);
Insert into EQUIPMENTALLOCATION (LOCATIONID,EQUIPMENTID,QUANTITY) values (110044,111007,4);
Insert into EQUIPMENTALLOCATION (LOCATIONID,EQUIPMENTID,QUANTITY) values (110044,111021,4);
Insert into EQUIPMENTALLOCATION (LOCATIONID,EQUIPMENTID,QUANTITY) values (110044,111019,1);
Insert into EQUIPMENTALLOCATION (LOCATIONID,EQUIPMENTID,QUANTITY) values (110044,111025,1);
Insert into EQUIPMENTALLOCATION (LOCATIONID,EQUIPMENTID,QUANTITY) values (110046,111009,1);
Insert into EQUIPMENTALLOCATION (LOCATIONID,EQUIPMENTID,QUANTITY) values (110046,111020,1);
Insert into EQUIPMENTALLOCATION (LOCATIONID,EQUIPMENTID,QUANTITY) values (110046,111017,1);
Insert into EQUIPMENTALLOCATION (LOCATIONID,EQUIPMENTID,QUANTITY) values (110046,111024,1);
Insert into EQUIPMENTALLOCATION (LOCATIONID,EQUIPMENTID,QUANTITY) values (110047,111013,9);
Insert into EQUIPMENTALLOCATION (LOCATIONID,EQUIPMENTID,QUANTITY) values (110047,111001,16);
Insert into EQUIPMENTALLOCATION (LOCATIONID,EQUIPMENTID,QUANTITY) values (110048,111011,70);
Insert into EQUIPMENTALLOCATION (LOCATIONID,EQUIPMENTID,QUANTITY) values (110048,111013,2);
Insert into EQUIPMENTALLOCATION (LOCATIONID,EQUIPMENTID,QUANTITY) values (110048,111009,1);
Insert into EQUIPMENTALLOCATION (LOCATIONID,EQUIPMENTID,QUANTITY) values (110048,111020,1);
Insert into EQUIPMENTALLOCATION (LOCATIONID,EQUIPMENTID,QUANTITY) values (110048,111017,1);
Insert into EQUIPMENTALLOCATION (LOCATIONID,EQUIPMENTID,QUANTITY) values (110048,111024,1);
Insert into EQUIPMENTALLOCATION (LOCATIONID,EQUIPMENTID,QUANTITY) values (110049,111039,1);
Insert into EQUIPMENTALLOCATION (LOCATIONID,EQUIPMENTID,QUANTITY) values (110049,111041,1);
Insert into EQUIPMENTALLOCATION (LOCATIONID,EQUIPMENTID,QUANTITY) values (110049,111037,1);
Insert into EQUIPMENTALLOCATION (LOCATIONID,EQUIPMENTID,QUANTITY) values (110049,111006,2);
Insert into EQUIPMENTALLOCATION (LOCATIONID,EQUIPMENTID,QUANTITY) values (110049,111042,1);
Insert into EQUIPMENTALLOCATION (LOCATIONID,EQUIPMENTID,QUANTITY) values (110050,111035,1);
Insert into EQUIPMENTALLOCATION (LOCATIONID,EQUIPMENTID,QUANTITY) values (110050,111000,1);
Insert into EQUIPMENTALLOCATION (LOCATIONID,EQUIPMENTID,QUANTITY) values (110050,111033,1);
Insert into EQUIPMENTALLOCATION (LOCATIONID,EQUIPMENTID,QUANTITY) values (110051,111035,1);
Insert into EQUIPMENTALLOCATION (LOCATIONID,EQUIPMENTID,QUANTITY) values (110051,111000,1);
Insert into EQUIPMENTALLOCATION (LOCATIONID,EQUIPMENTID,QUANTITY) values (110051,111033,1);
Insert into EQUIPMENTALLOCATION (LOCATIONID,EQUIPMENTID,QUANTITY) values (110052,111035,1);
Insert into EQUIPMENTALLOCATION (LOCATIONID,EQUIPMENTID,QUANTITY) values (110052,111000,1);
Insert into EQUIPMENTALLOCATION (LOCATIONID,EQUIPMENTID,QUANTITY) values (110052,111033,1);
Insert into EQUIPMENTALLOCATION (LOCATIONID,EQUIPMENTID,QUANTITY) values (110053,111034,1);
Insert into EQUIPMENTALLOCATION (LOCATIONID,EQUIPMENTID,QUANTITY) values (110054,111034,1);
Insert into EQUIPMENTALLOCATION (LOCATIONID,EQUIPMENTID,QUANTITY) values (110055,111027,3);
Insert into EQUIPMENTALLOCATION (LOCATIONID,EQUIPMENTID,QUANTITY) values (110055,111026,1);
Insert into EQUIPMENTALLOCATION (LOCATIONID,EQUIPMENTID,QUANTITY) values (110058,111027,3);
Insert into EQUIPMENTALLOCATION (LOCATIONID,EQUIPMENTID,QUANTITY) values (110058,111026,1);
Insert into EQUIPMENTALLOCATION (LOCATIONID,EQUIPMENTID,QUANTITY) values (110059,111012,16);
Insert into EQUIPMENTALLOCATION (LOCATIONID,EQUIPMENTID,QUANTITY) values (110059,111003,31);
Insert into EQUIPMENTALLOCATION (LOCATIONID,EQUIPMENTID,QUANTITY) values (110059,111020,1);
Insert into EQUIPMENTALLOCATION (LOCATIONID,EQUIPMENTID,QUANTITY) values (110059,111010,1);
Insert into EQUIPMENTALLOCATION (LOCATIONID,EQUIPMENTID,QUANTITY) values (110059,111015,1);
Insert into EQUIPMENTALLOCATION (LOCATIONID,EQUIPMENTID,QUANTITY) values (110060,111012,16);
Insert into EQUIPMENTALLOCATION (LOCATIONID,EQUIPMENTID,QUANTITY) values (110060,111003,31);
Insert into EQUIPMENTALLOCATION (LOCATIONID,EQUIPMENTID,QUANTITY) values (110060,111020,1);
Insert into EQUIPMENTALLOCATION (LOCATIONID,EQUIPMENTID,QUANTITY) values (110060,111010,1);
Insert into EQUIPMENTALLOCATION (LOCATIONID,EQUIPMENTID,QUANTITY) values (110060,111015,1);
Insert into EQUIPMENTALLOCATION (LOCATIONID,EQUIPMENTID,QUANTITY) values (110061,111012,16);
Insert into EQUIPMENTALLOCATION (LOCATIONID,EQUIPMENTID,QUANTITY) values (110061,111003,31);
Insert into EQUIPMENTALLOCATION (LOCATIONID,EQUIPMENTID,QUANTITY) values (110061,111020,1);
Insert into EQUIPMENTALLOCATION (LOCATIONID,EQUIPMENTID,QUANTITY) values (110061,111010,1);
Insert into EQUIPMENTALLOCATION (LOCATIONID,EQUIPMENTID,QUANTITY) values (110061,111015,1);
Insert into EQUIPMENTALLOCATION (LOCATIONID,EQUIPMENTID,QUANTITY) values (110062,111012,16);
Insert into EQUIPMENTALLOCATION (LOCATIONID,EQUIPMENTID,QUANTITY) values (110062,111003,31);
Insert into EQUIPMENTALLOCATION (LOCATIONID,EQUIPMENTID,QUANTITY) values (110062,111020,1);
Insert into EQUIPMENTALLOCATION (LOCATIONID,EQUIPMENTID,QUANTITY) values (110062,111010,1);
Insert into EQUIPMENTALLOCATION (LOCATIONID,EQUIPMENTID,QUANTITY) values (110062,111015,1);
Insert into EQUIPMENTALLOCATION (LOCATIONID,EQUIPMENTID,QUANTITY) values (110063,111012,16);
Insert into EQUIPMENTALLOCATION (LOCATIONID,EQUIPMENTID,QUANTITY) values (110063,111003,31);
Insert into EQUIPMENTALLOCATION (LOCATIONID,EQUIPMENTID,QUANTITY) values (110063,111020,1);
Insert into EQUIPMENTALLOCATION (LOCATIONID,EQUIPMENTID,QUANTITY) values (110063,111010,1);
Insert into EQUIPMENTALLOCATION (LOCATIONID,EQUIPMENTID,QUANTITY) values (110063,111015,1);
Insert into EQUIPMENTALLOCATION (LOCATIONID,EQUIPMENTID,QUANTITY) values (110064,111012,16);
Insert into EQUIPMENTALLOCATION (LOCATIONID,EQUIPMENTID,QUANTITY) values (110064,111003,31);
Insert into EQUIPMENTALLOCATION (LOCATIONID,EQUIPMENTID,QUANTITY) values (110064,111020,1);
Insert into EQUIPMENTALLOCATION (LOCATIONID,EQUIPMENTID,QUANTITY) values (110064,111010,1);
Insert into EQUIPMENTALLOCATION (LOCATIONID,EQUIPMENTID,QUANTITY) values (110064,111015,1);
Insert into EQUIPMENTALLOCATION (LOCATIONID,EQUIPMENTID,QUANTITY) values (110065,111012,16);
Insert into EQUIPMENTALLOCATION (LOCATIONID,EQUIPMENTID,QUANTITY) values (110065,111003,31);
Insert into EQUIPMENTALLOCATION (LOCATIONID,EQUIPMENTID,QUANTITY) values (110065,111020,1);
Insert into EQUIPMENTALLOCATION (LOCATIONID,EQUIPMENTID,QUANTITY) values (110065,111010,1);
Insert into EQUIPMENTALLOCATION (LOCATIONID,EQUIPMENTID,QUANTITY) values (110065,111015,1);
Insert into EQUIPMENTALLOCATION (LOCATIONID,EQUIPMENTID,QUANTITY) values (110066,111034,1);
Insert into EQUIPMENTALLOCATION (LOCATIONID,EQUIPMENTID,QUANTITY) values (110067,111034,1);
Insert into EQUIPMENTALLOCATION (LOCATIONID,EQUIPMENTID,QUANTITY) values (110069,111013,9);
Insert into EQUIPMENTALLOCATION (LOCATIONID,EQUIPMENTID,QUANTITY) values (110069,111001,16);
Insert into EQUIPMENTALLOCATION (LOCATIONID,EQUIPMENTID,QUANTITY) values (110070,111039,1);
Insert into EQUIPMENTALLOCATION (LOCATIONID,EQUIPMENTID,QUANTITY) values (110070,111041,1);
Insert into EQUIPMENTALLOCATION (LOCATIONID,EQUIPMENTID,QUANTITY) values (110070,111037,1);
Insert into EQUIPMENTALLOCATION (LOCATIONID,EQUIPMENTID,QUANTITY) values (110070,111006,2);
Insert into EQUIPMENTALLOCATION (LOCATIONID,EQUIPMENTID,QUANTITY) values (110070,111042,1);
Insert into EQUIPMENTALLOCATION (LOCATIONID,EQUIPMENTID,QUANTITY) values (110071,111012,17);
Insert into EQUIPMENTALLOCATION (LOCATIONID,EQUIPMENTID,QUANTITY) values (110071,111014,30);
Insert into EQUIPMENTALLOCATION (LOCATIONID,EQUIPMENTID,QUANTITY) values (110071,111021,30);
Insert into EQUIPMENTALLOCATION (LOCATIONID,EQUIPMENTID,QUANTITY) values (110071,111020,1);
Insert into EQUIPMENTALLOCATION (LOCATIONID,EQUIPMENTID,QUANTITY) values (110071,111010,1);
Insert into EQUIPMENTALLOCATION (LOCATIONID,EQUIPMENTID,QUANTITY) values (110071,111019,2);
Insert into EQUIPMENTALLOCATION (LOCATIONID,EQUIPMENTID,QUANTITY) values (110071,111016,1);
Insert into EQUIPMENTALLOCATION (LOCATIONID,EQUIPMENTID,QUANTITY) values (110072,111012,17);
Insert into EQUIPMENTALLOCATION (LOCATIONID,EQUIPMENTID,QUANTITY) values (110072,111014,30);
Insert into EQUIPMENTALLOCATION (LOCATIONID,EQUIPMENTID,QUANTITY) values (110072,111021,30);
Insert into EQUIPMENTALLOCATION (LOCATIONID,EQUIPMENTID,QUANTITY) values (110072,111020,1);
Insert into EQUIPMENTALLOCATION (LOCATIONID,EQUIPMENTID,QUANTITY) values (110072,111010,1);
Insert into EQUIPMENTALLOCATION (LOCATIONID,EQUIPMENTID,QUANTITY) values (110072,111019,2);
Insert into EQUIPMENTALLOCATION (LOCATIONID,EQUIPMENTID,QUANTITY) values (110072,111016,1);
Insert into EQUIPMENTALLOCATION (LOCATIONID,EQUIPMENTID,QUANTITY) values (110073,111012,17);
Insert into EQUIPMENTALLOCATION (LOCATIONID,EQUIPMENTID,QUANTITY) values (110073,111014,30);
Insert into EQUIPMENTALLOCATION (LOCATIONID,EQUIPMENTID,QUANTITY) values (110073,111021,30);
Insert into EQUIPMENTALLOCATION (LOCATIONID,EQUIPMENTID,QUANTITY) values (110073,111020,1);
Insert into EQUIPMENTALLOCATION (LOCATIONID,EQUIPMENTID,QUANTITY) values (110073,111010,1);
Insert into EQUIPMENTALLOCATION (LOCATIONID,EQUIPMENTID,QUANTITY) values (110073,111019,2);
Insert into EQUIPMENTALLOCATION (LOCATIONID,EQUIPMENTID,QUANTITY) values (110073,111016,1);
Insert into EQUIPMENTALLOCATION (LOCATIONID,EQUIPMENTID,QUANTITY) values (110074,111012,17);
Insert into EQUIPMENTALLOCATION (LOCATIONID,EQUIPMENTID,QUANTITY) values (110074,111014,30);
Insert into EQUIPMENTALLOCATION (LOCATIONID,EQUIPMENTID,QUANTITY) values (110074,111021,30);
Insert into EQUIPMENTALLOCATION (LOCATIONID,EQUIPMENTID,QUANTITY) values (110074,111020,1);
Insert into EQUIPMENTALLOCATION (LOCATIONID,EQUIPMENTID,QUANTITY) values (110074,111010,1);
Insert into EQUIPMENTALLOCATION (LOCATIONID,EQUIPMENTID,QUANTITY) values (110074,111019,2);
Insert into EQUIPMENTALLOCATION (LOCATIONID,EQUIPMENTID,QUANTITY) values (110074,111016,1);
Insert into EQUIPMENTALLOCATION (LOCATIONID,EQUIPMENTID,QUANTITY) values (110075,111012,17);
Insert into EQUIPMENTALLOCATION (LOCATIONID,EQUIPMENTID,QUANTITY) values (110075,111014,30);
Insert into EQUIPMENTALLOCATION (LOCATIONID,EQUIPMENTID,QUANTITY) values (110075,111021,30);
Insert into EQUIPMENTALLOCATION (LOCATIONID,EQUIPMENTID,QUANTITY) values (110075,111020,1);
Insert into EQUIPMENTALLOCATION (LOCATIONID,EQUIPMENTID,QUANTITY) values (110075,111010,1);
Insert into EQUIPMENTALLOCATION (LOCATIONID,EQUIPMENTID,QUANTITY) values (110075,111019,2);
Insert into EQUIPMENTALLOCATION (LOCATIONID,EQUIPMENTID,QUANTITY) values (110075,111016,1);
Insert into EQUIPMENTALLOCATION (LOCATIONID,EQUIPMENTID,QUANTITY) values (110076,111012,17);
Insert into EQUIPMENTALLOCATION (LOCATIONID,EQUIPMENTID,QUANTITY) values (110076,111014,30);
Insert into EQUIPMENTALLOCATION (LOCATIONID,EQUIPMENTID,QUANTITY) values (110076,111021,30);
Insert into EQUIPMENTALLOCATION (LOCATIONID,EQUIPMENTID,QUANTITY) values (110076,111020,1);
Insert into EQUIPMENTALLOCATION (LOCATIONID,EQUIPMENTID,QUANTITY) values (110076,111010,1);
Insert into EQUIPMENTALLOCATION (LOCATIONID,EQUIPMENTID,QUANTITY) values (110076,111019,2);
Insert into EQUIPMENTALLOCATION (LOCATIONID,EQUIPMENTID,QUANTITY) values (110076,111016,1);
Insert into EQUIPMENTALLOCATION (LOCATIONID,EQUIPMENTID,QUANTITY) values (110077,111012,17);
Insert into EQUIPMENTALLOCATION (LOCATIONID,EQUIPMENTID,QUANTITY) values (110077,111014,30);
Insert into EQUIPMENTALLOCATION (LOCATIONID,EQUIPMENTID,QUANTITY) values (110077,111021,30);
Insert into EQUIPMENTALLOCATION (LOCATIONID,EQUIPMENTID,QUANTITY) values (110077,111020,1);
Insert into EQUIPMENTALLOCATION (LOCATIONID,EQUIPMENTID,QUANTITY) values (110077,111010,1);
Insert into EQUIPMENTALLOCATION (LOCATIONID,EQUIPMENTID,QUANTITY) values (110077,111019,2);
Insert into EQUIPMENTALLOCATION (LOCATIONID,EQUIPMENTID,QUANTITY) values (110077,111016,1);
Insert into EQUIPMENTALLOCATION (LOCATIONID,EQUIPMENTID,QUANTITY) values (110078,111034,1);
Insert into EQUIPMENTALLOCATION (LOCATIONID,EQUIPMENTID,QUANTITY) values (110079,111034,1);
Insert into EQUIPMENTALLOCATION (LOCATIONID,EQUIPMENTID,QUANTITY) values (110080,111027,3);
Insert into EQUIPMENTALLOCATION (LOCATIONID,EQUIPMENTID,QUANTITY) values (110080,111026,1);
Insert into EQUIPMENTALLOCATION (LOCATIONID,EQUIPMENTID,QUANTITY) values (110083,111027,3);
Insert into EQUIPMENTALLOCATION (LOCATIONID,EQUIPMENTID,QUANTITY) values (110083,111026,1);
Insert into EQUIPMENTALLOCATION (LOCATIONID,EQUIPMENTID,QUANTITY) values (110084,111007,15);
Insert into EQUIPMENTALLOCATION (LOCATIONID,EQUIPMENTID,QUANTITY) values (110084,111014,15);
Insert into EQUIPMENTALLOCATION (LOCATIONID,EQUIPMENTID,QUANTITY) values (110084,111008,8);
Insert into EQUIPMENTALLOCATION (LOCATIONID,EQUIPMENTID,QUANTITY) values (110084,111021,15);
Insert into EQUIPMENTALLOCATION (LOCATIONID,EQUIPMENTID,QUANTITY) values (110084,111018,2);
Insert into EQUIPMENTALLOCATION (LOCATIONID,EQUIPMENTID,QUANTITY) values (110085,111012,16);
Insert into EQUIPMENTALLOCATION (LOCATIONID,EQUIPMENTID,QUANTITY) values (110085,111003,31);
Insert into EQUIPMENTALLOCATION (LOCATIONID,EQUIPMENTID,QUANTITY) values (110085,111020,1);
Insert into EQUIPMENTALLOCATION (LOCATIONID,EQUIPMENTID,QUANTITY) values (110085,111010,1);
Insert into EQUIPMENTALLOCATION (LOCATIONID,EQUIPMENTID,QUANTITY) values (110085,111015,1);
Insert into EQUIPMENTALLOCATION (LOCATIONID,EQUIPMENTID,QUANTITY) values (110086,111012,16);
Insert into EQUIPMENTALLOCATION (LOCATIONID,EQUIPMENTID,QUANTITY) values (110086,111003,31);
Insert into EQUIPMENTALLOCATION (LOCATIONID,EQUIPMENTID,QUANTITY) values (110086,111020,1);
Insert into EQUIPMENTALLOCATION (LOCATIONID,EQUIPMENTID,QUANTITY) values (110086,111010,1);
Insert into EQUIPMENTALLOCATION (LOCATIONID,EQUIPMENTID,QUANTITY) values (110086,111015,1);
Insert into EQUIPMENTALLOCATION (LOCATIONID,EQUIPMENTID,QUANTITY) values (110087,111012,16);
Insert into EQUIPMENTALLOCATION (LOCATIONID,EQUIPMENTID,QUANTITY) values (110087,111003,31);
Insert into EQUIPMENTALLOCATION (LOCATIONID,EQUIPMENTID,QUANTITY) values (110087,111020,1);
Insert into EQUIPMENTALLOCATION (LOCATIONID,EQUIPMENTID,QUANTITY) values (110087,111010,1);
Insert into EQUIPMENTALLOCATION (LOCATIONID,EQUIPMENTID,QUANTITY) values (110087,111015,1);
Insert into EQUIPMENTALLOCATION (LOCATIONID,EQUIPMENTID,QUANTITY) values (110088,111012,16);
Insert into EQUIPMENTALLOCATION (LOCATIONID,EQUIPMENTID,QUANTITY) values (110088,111003,31);
Insert into EQUIPMENTALLOCATION (LOCATIONID,EQUIPMENTID,QUANTITY) values (110088,111020,1);
Insert into EQUIPMENTALLOCATION (LOCATIONID,EQUIPMENTID,QUANTITY) values (110088,111010,1);
Insert into EQUIPMENTALLOCATION (LOCATIONID,EQUIPMENTID,QUANTITY) values (110088,111015,1);
Insert into EQUIPMENTALLOCATION (LOCATIONID,EQUIPMENTID,QUANTITY) values (110089,111012,16);
Insert into EQUIPMENTALLOCATION (LOCATIONID,EQUIPMENTID,QUANTITY) values (110089,111003,31);
Insert into EQUIPMENTALLOCATION (LOCATIONID,EQUIPMENTID,QUANTITY) values (110089,111020,1);
Insert into EQUIPMENTALLOCATION (LOCATIONID,EQUIPMENTID,QUANTITY) values (110089,111010,1);
Insert into EQUIPMENTALLOCATION (LOCATIONID,EQUIPMENTID,QUANTITY) values (110089,111015,1);
Insert into EQUIPMENTALLOCATION (LOCATIONID,EQUIPMENTID,QUANTITY) values (110090,111012,16);
Insert into EQUIPMENTALLOCATION (LOCATIONID,EQUIPMENTID,QUANTITY) values (110090,111003,31);
Insert into EQUIPMENTALLOCATION (LOCATIONID,EQUIPMENTID,QUANTITY) values (110090,111020,1);
Insert into EQUIPMENTALLOCATION (LOCATIONID,EQUIPMENTID,QUANTITY) values (110090,111010,1);
Insert into EQUIPMENTALLOCATION (LOCATIONID,EQUIPMENTID,QUANTITY) values (110090,111015,1);
Insert into EQUIPMENTALLOCATION (LOCATIONID,EQUIPMENTID,QUANTITY) values (110091,111034,1);
Insert into EQUIPMENTALLOCATION (LOCATIONID,EQUIPMENTID,QUANTITY) values (110092,111034,1);
Insert into EQUIPMENTALLOCATION (LOCATIONID,EQUIPMENTID,QUANTITY) values (110094,111013,9);
Insert into EQUIPMENTALLOCATION (LOCATIONID,EQUIPMENTID,QUANTITY) values (110094,111001,16);
Insert into EQUIPMENTALLOCATION (LOCATIONID,EQUIPMENTID,QUANTITY) values (110095,111039,1);
Insert into EQUIPMENTALLOCATION (LOCATIONID,EQUIPMENTID,QUANTITY) values (110095,111041,1);
Insert into EQUIPMENTALLOCATION (LOCATIONID,EQUIPMENTID,QUANTITY) values (110095,111037,1);
Insert into EQUIPMENTALLOCATION (LOCATIONID,EQUIPMENTID,QUANTITY) values (110095,111006,2);
Insert into EQUIPMENTALLOCATION (LOCATIONID,EQUIPMENTID,QUANTITY) values (110095,111042,1);
Insert into EQUIPMENTALLOCATION (LOCATIONID,EQUIPMENTID,QUANTITY) values (110096,111012,17);
Insert into EQUIPMENTALLOCATION (LOCATIONID,EQUIPMENTID,QUANTITY) values (110096,111014,30);
Insert into EQUIPMENTALLOCATION (LOCATIONID,EQUIPMENTID,QUANTITY) values (110096,111021,30);
Insert into EQUIPMENTALLOCATION (LOCATIONID,EQUIPMENTID,QUANTITY) values (110096,111020,1);
Insert into EQUIPMENTALLOCATION (LOCATIONID,EQUIPMENTID,QUANTITY) values (110096,111010,1);
Insert into EQUIPMENTALLOCATION (LOCATIONID,EQUIPMENTID,QUANTITY) values (110096,111019,2);
Insert into EQUIPMENTALLOCATION (LOCATIONID,EQUIPMENTID,QUANTITY) values (110096,111016,1);
Insert into EQUIPMENTALLOCATION (LOCATIONID,EQUIPMENTID,QUANTITY) values (110097,111012,17);
Insert into EQUIPMENTALLOCATION (LOCATIONID,EQUIPMENTID,QUANTITY) values (110097,111014,30);
Insert into EQUIPMENTALLOCATION (LOCATIONID,EQUIPMENTID,QUANTITY) values (110097,111021,30);
Insert into EQUIPMENTALLOCATION (LOCATIONID,EQUIPMENTID,QUANTITY) values (110097,111020,1);
Insert into EQUIPMENTALLOCATION (LOCATIONID,EQUIPMENTID,QUANTITY) values (110097,111010,1);
Insert into EQUIPMENTALLOCATION (LOCATIONID,EQUIPMENTID,QUANTITY) values (110097,111019,2);
Insert into EQUIPMENTALLOCATION (LOCATIONID,EQUIPMENTID,QUANTITY) values (110097,111016,1);
Insert into EQUIPMENTALLOCATION (LOCATIONID,EQUIPMENTID,QUANTITY) values (110098,111012,17);
Insert into EQUIPMENTALLOCATION (LOCATIONID,EQUIPMENTID,QUANTITY) values (110098,111014,30);
Insert into EQUIPMENTALLOCATION (LOCATIONID,EQUIPMENTID,QUANTITY) values (110098,111021,30);
Insert into EQUIPMENTALLOCATION (LOCATIONID,EQUIPMENTID,QUANTITY) values (110098,111020,1);
Insert into EQUIPMENTALLOCATION (LOCATIONID,EQUIPMENTID,QUANTITY) values (110098,111010,1);
Insert into EQUIPMENTALLOCATION (LOCATIONID,EQUIPMENTID,QUANTITY) values (110098,111019,2);
Insert into EQUIPMENTALLOCATION (LOCATIONID,EQUIPMENTID,QUANTITY) values (110098,111016,1);
Insert into EQUIPMENTALLOCATION (LOCATIONID,EQUIPMENTID,QUANTITY) values (110099,111012,17);
Insert into EQUIPMENTALLOCATION (LOCATIONID,EQUIPMENTID,QUANTITY) values (110099,111014,30);
Insert into EQUIPMENTALLOCATION (LOCATIONID,EQUIPMENTID,QUANTITY) values (110099,111021,30);
Insert into EQUIPMENTALLOCATION (LOCATIONID,EQUIPMENTID,QUANTITY) values (110099,111020,1);
Insert into EQUIPMENTALLOCATION (LOCATIONID,EQUIPMENTID,QUANTITY) values (110099,111010,1);
Insert into EQUIPMENTALLOCATION (LOCATIONID,EQUIPMENTID,QUANTITY) values (110099,111019,2);
Insert into EQUIPMENTALLOCATION (LOCATIONID,EQUIPMENTID,QUANTITY) values (110099,111016,1);
Insert into EQUIPMENTALLOCATION (LOCATIONID,EQUIPMENTID,QUANTITY) values (110100,111012,17);
Insert into EQUIPMENTALLOCATION (LOCATIONID,EQUIPMENTID,QUANTITY) values (110100,111014,30);
Insert into EQUIPMENTALLOCATION (LOCATIONID,EQUIPMENTID,QUANTITY) values (110100,111021,30);
Insert into EQUIPMENTALLOCATION (LOCATIONID,EQUIPMENTID,QUANTITY) values (110100,111020,1);
Insert into EQUIPMENTALLOCATION (LOCATIONID,EQUIPMENTID,QUANTITY) values (110100,111010,1);
Insert into EQUIPMENTALLOCATION (LOCATIONID,EQUIPMENTID,QUANTITY) values (110100,111019,2);
Insert into EQUIPMENTALLOCATION (LOCATIONID,EQUIPMENTID,QUANTITY) values (110100,111016,1);
Insert into EQUIPMENTALLOCATION (LOCATIONID,EQUIPMENTID,QUANTITY) values (110101,111012,17);
Insert into EQUIPMENTALLOCATION (LOCATIONID,EQUIPMENTID,QUANTITY) values (110101,111014,30);
Insert into EQUIPMENTALLOCATION (LOCATIONID,EQUIPMENTID,QUANTITY) values (110101,111021,30);
Insert into EQUIPMENTALLOCATION (LOCATIONID,EQUIPMENTID,QUANTITY) values (110101,111020,1);
Insert into EQUIPMENTALLOCATION (LOCATIONID,EQUIPMENTID,QUANTITY) values (110101,111010,1);
Insert into EQUIPMENTALLOCATION (LOCATIONID,EQUIPMENTID,QUANTITY) values (110101,111019,2);
Insert into EQUIPMENTALLOCATION (LOCATIONID,EQUIPMENTID,QUANTITY) values (110101,111016,1);
Insert into EQUIPMENTALLOCATION (LOCATIONID,EQUIPMENTID,QUANTITY) values (110102,111012,17);
Insert into EQUIPMENTALLOCATION (LOCATIONID,EQUIPMENTID,QUANTITY) values (110102,111014,30);
Insert into EQUIPMENTALLOCATION (LOCATIONID,EQUIPMENTID,QUANTITY) values (110102,111021,30);
Insert into EQUIPMENTALLOCATION (LOCATIONID,EQUIPMENTID,QUANTITY) values (110102,111020,1);
Insert into EQUIPMENTALLOCATION (LOCATIONID,EQUIPMENTID,QUANTITY) values (110102,111010,1);
Insert into EQUIPMENTALLOCATION (LOCATIONID,EQUIPMENTID,QUANTITY) values (110102,111019,2);
Insert into EQUIPMENTALLOCATION (LOCATIONID,EQUIPMENTID,QUANTITY) values (110102,111016,1);
Insert into EQUIPMENTALLOCATION (LOCATIONID,EQUIPMENTID,QUANTITY) values (110103,111034,1);
Insert into EQUIPMENTALLOCATION (LOCATIONID,EQUIPMENTID,QUANTITY) values (110104,111034,1);
Insert into EQUIPMENTALLOCATION (LOCATIONID,EQUIPMENTID,QUANTITY) values (110105,111027,3);
Insert into EQUIPMENTALLOCATION (LOCATIONID,EQUIPMENTID,QUANTITY) values (110105,111026,1);
Insert into EQUIPMENTALLOCATION (LOCATIONID,EQUIPMENTID,QUANTITY) values (110108,111027,3);
Insert into EQUIPMENTALLOCATION (LOCATIONID,EQUIPMENTID,QUANTITY) values (110108,111026,1);
Insert into EQUIPMENTALLOCATION (LOCATIONID,EQUIPMENTID,QUANTITY) values (110109,111007,10);
Insert into EQUIPMENTALLOCATION (LOCATIONID,EQUIPMENTID,QUANTITY) values (110109,111014,10);
Insert into EQUIPMENTALLOCATION (LOCATIONID,EQUIPMENTID,QUANTITY) values (110109,111008,8);
Insert into EQUIPMENTALLOCATION (LOCATIONID,EQUIPMENTID,QUANTITY) values (110109,111021,10);
Insert into EQUIPMENTALLOCATION (LOCATIONID,EQUIPMENTID,QUANTITY) values (110109,111018,2);
Insert into EQUIPMENTALLOCATION (LOCATIONID,EQUIPMENTID,QUANTITY) values (110110,111012,16);
Insert into EQUIPMENTALLOCATION (LOCATIONID,EQUIPMENTID,QUANTITY) values (110110,111003,31);
Insert into EQUIPMENTALLOCATION (LOCATIONID,EQUIPMENTID,QUANTITY) values (110110,111020,1);
Insert into EQUIPMENTALLOCATION (LOCATIONID,EQUIPMENTID,QUANTITY) values (110110,111010,1);
Insert into EQUIPMENTALLOCATION (LOCATIONID,EQUIPMENTID,QUANTITY) values (110110,111015,1);
Insert into EQUIPMENTALLOCATION (LOCATIONID,EQUIPMENTID,QUANTITY) values (110111,111012,16);
Insert into EQUIPMENTALLOCATION (LOCATIONID,EQUIPMENTID,QUANTITY) values (110111,111003,31);
Insert into EQUIPMENTALLOCATION (LOCATIONID,EQUIPMENTID,QUANTITY) values (110111,111020,1);
Insert into EQUIPMENTALLOCATION (LOCATIONID,EQUIPMENTID,QUANTITY) values (110111,111010,1);
Insert into EQUIPMENTALLOCATION (LOCATIONID,EQUIPMENTID,QUANTITY) values (110111,111015,1);
Insert into EQUIPMENTALLOCATION (LOCATIONID,EQUIPMENTID,QUANTITY) values (110112,111012,16);
Insert into EQUIPMENTALLOCATION (LOCATIONID,EQUIPMENTID,QUANTITY) values (110112,111003,31);
Insert into EQUIPMENTALLOCATION (LOCATIONID,EQUIPMENTID,QUANTITY) values (110112,111020,1);
Insert into EQUIPMENTALLOCATION (LOCATIONID,EQUIPMENTID,QUANTITY) values (110112,111010,1);
Insert into EQUIPMENTALLOCATION (LOCATIONID,EQUIPMENTID,QUANTITY) values (110112,111015,1);
Insert into EQUIPMENTALLOCATION (LOCATIONID,EQUIPMENTID,QUANTITY) values (110113,111012,16);
Insert into EQUIPMENTALLOCATION (LOCATIONID,EQUIPMENTID,QUANTITY) values (110113,111003,31);
Insert into EQUIPMENTALLOCATION (LOCATIONID,EQUIPMENTID,QUANTITY) values (110113,111020,1);
Insert into EQUIPMENTALLOCATION (LOCATIONID,EQUIPMENTID,QUANTITY) values (110113,111010,1);
Insert into EQUIPMENTALLOCATION (LOCATIONID,EQUIPMENTID,QUANTITY) values (110113,111015,1);
Insert into EQUIPMENTALLOCATION (LOCATIONID,EQUIPMENTID,QUANTITY) values (110114,111012,16);
Insert into EQUIPMENTALLOCATION (LOCATIONID,EQUIPMENTID,QUANTITY) values (110114,111003,31);
Insert into EQUIPMENTALLOCATION (LOCATIONID,EQUIPMENTID,QUANTITY) values (110114,111020,1);
Insert into EQUIPMENTALLOCATION (LOCATIONID,EQUIPMENTID,QUANTITY) values (110114,111010,1);
Insert into EQUIPMENTALLOCATION (LOCATIONID,EQUIPMENTID,QUANTITY) values (110114,111015,1);
Insert into EQUIPMENTALLOCATION (LOCATIONID,EQUIPMENTID,QUANTITY) values (110115,111012,16);
Insert into EQUIPMENTALLOCATION (LOCATIONID,EQUIPMENTID,QUANTITY) values (110115,111003,31);
Insert into EQUIPMENTALLOCATION (LOCATIONID,EQUIPMENTID,QUANTITY) values (110115,111020,1);
Insert into EQUIPMENTALLOCATION (LOCATIONID,EQUIPMENTID,QUANTITY) values (110115,111010,1);
Insert into EQUIPMENTALLOCATION (LOCATIONID,EQUIPMENTID,QUANTITY) values (110115,111015,1);
Insert into EQUIPMENTALLOCATION (LOCATIONID,EQUIPMENTID,QUANTITY) values (110116,111034,1);
Insert into EQUIPMENTALLOCATION (LOCATIONID,EQUIPMENTID,QUANTITY) values (110117,111034,1);
Insert into EQUIPMENTALLOCATION (LOCATIONID,EQUIPMENTID,QUANTITY) values (110119,111013,9);
Insert into EQUIPMENTALLOCATION (LOCATIONID,EQUIPMENTID,QUANTITY) values (110119,111001,16);
Insert into EQUIPMENTALLOCATION (LOCATIONID,EQUIPMENTID,QUANTITY) values (110120,111039,1);
Insert into EQUIPMENTALLOCATION (LOCATIONID,EQUIPMENTID,QUANTITY) values (110120,111041,1);
Insert into EQUIPMENTALLOCATION (LOCATIONID,EQUIPMENTID,QUANTITY) values (110120,111037,1);
Insert into EQUIPMENTALLOCATION (LOCATIONID,EQUIPMENTID,QUANTITY) values (110120,111006,2);
Insert into EQUIPMENTALLOCATION (LOCATIONID,EQUIPMENTID,QUANTITY) values (110120,111042,1);
Insert into EQUIPMENTALLOCATION (LOCATIONID,EQUIPMENTID,QUANTITY) values (110121,111012,17);
Insert into EQUIPMENTALLOCATION (LOCATIONID,EQUIPMENTID,QUANTITY) values (110121,111014,30);
Insert into EQUIPMENTALLOCATION (LOCATIONID,EQUIPMENTID,QUANTITY) values (110121,111021,30);
Insert into EQUIPMENTALLOCATION (LOCATIONID,EQUIPMENTID,QUANTITY) values (110121,111020,1);
Insert into EQUIPMENTALLOCATION (LOCATIONID,EQUIPMENTID,QUANTITY) values (110121,111010,1);
Insert into EQUIPMENTALLOCATION (LOCATIONID,EQUIPMENTID,QUANTITY) values (110121,111019,2);
Insert into EQUIPMENTALLOCATION (LOCATIONID,EQUIPMENTID,QUANTITY) values (110121,111016,1);
Insert into EQUIPMENTALLOCATION (LOCATIONID,EQUIPMENTID,QUANTITY) values (110122,111012,17);
Insert into EQUIPMENTALLOCATION (LOCATIONID,EQUIPMENTID,QUANTITY) values (110122,111014,30);
Insert into EQUIPMENTALLOCATION (LOCATIONID,EQUIPMENTID,QUANTITY) values (110122,111021,30);
Insert into EQUIPMENTALLOCATION (LOCATIONID,EQUIPMENTID,QUANTITY) values (110122,111020,1);
Insert into EQUIPMENTALLOCATION (LOCATIONID,EQUIPMENTID,QUANTITY) values (110122,111010,1);
Insert into EQUIPMENTALLOCATION (LOCATIONID,EQUIPMENTID,QUANTITY) values (110122,111019,2);
Insert into EQUIPMENTALLOCATION (LOCATIONID,EQUIPMENTID,QUANTITY) values (110122,111016,1);
Insert into EQUIPMENTALLOCATION (LOCATIONID,EQUIPMENTID,QUANTITY) values (110123,111012,17);
Insert into EQUIPMENTALLOCATION (LOCATIONID,EQUIPMENTID,QUANTITY) values (110123,111014,30);
Insert into EQUIPMENTALLOCATION (LOCATIONID,EQUIPMENTID,QUANTITY) values (110123,111021,30);
Insert into EQUIPMENTALLOCATION (LOCATIONID,EQUIPMENTID,QUANTITY) values (110123,111020,1);
Insert into EQUIPMENTALLOCATION (LOCATIONID,EQUIPMENTID,QUANTITY) values (110123,111010,1);
Insert into EQUIPMENTALLOCATION (LOCATIONID,EQUIPMENTID,QUANTITY) values (110123,111019,2);
Insert into EQUIPMENTALLOCATION (LOCATIONID,EQUIPMENTID,QUANTITY) values (110123,111016,1);
Insert into EQUIPMENTALLOCATION (LOCATIONID,EQUIPMENTID,QUANTITY) values (110124,111012,17);
Insert into EQUIPMENTALLOCATION (LOCATIONID,EQUIPMENTID,QUANTITY) values (110124,111014,30);
Insert into EQUIPMENTALLOCATION (LOCATIONID,EQUIPMENTID,QUANTITY) values (110124,111021,30);
Insert into EQUIPMENTALLOCATION (LOCATIONID,EQUIPMENTID,QUANTITY) values (110124,111020,1);
Insert into EQUIPMENTALLOCATION (LOCATIONID,EQUIPMENTID,QUANTITY) values (110124,111010,1);
Insert into EQUIPMENTALLOCATION (LOCATIONID,EQUIPMENTID,QUANTITY) values (110124,111019,2);
Insert into EQUIPMENTALLOCATION (LOCATIONID,EQUIPMENTID,QUANTITY) values (110124,111016,1);
Insert into EQUIPMENTALLOCATION (LOCATIONID,EQUIPMENTID,QUANTITY) values (110125,111012,17);
Insert into EQUIPMENTALLOCATION (LOCATIONID,EQUIPMENTID,QUANTITY) values (110125,111014,30);
Insert into EQUIPMENTALLOCATION (LOCATIONID,EQUIPMENTID,QUANTITY) values (110125,111021,30);
Insert into EQUIPMENTALLOCATION (LOCATIONID,EQUIPMENTID,QUANTITY) values (110125,111020,1);
Insert into EQUIPMENTALLOCATION (LOCATIONID,EQUIPMENTID,QUANTITY) values (110125,111010,1);
Insert into EQUIPMENTALLOCATION (LOCATIONID,EQUIPMENTID,QUANTITY) values (110125,111019,2);
Insert into EQUIPMENTALLOCATION (LOCATIONID,EQUIPMENTID,QUANTITY) values (110125,111016,1);
Insert into EQUIPMENTALLOCATION (LOCATIONID,EQUIPMENTID,QUANTITY) values (110126,111012,17);
Insert into EQUIPMENTALLOCATION (LOCATIONID,EQUIPMENTID,QUANTITY) values (110126,111014,30);
Insert into EQUIPMENTALLOCATION (LOCATIONID,EQUIPMENTID,QUANTITY) values (110126,111021,30);
Insert into EQUIPMENTALLOCATION (LOCATIONID,EQUIPMENTID,QUANTITY) values (110126,111020,1);
Insert into EQUIPMENTALLOCATION (LOCATIONID,EQUIPMENTID,QUANTITY) values (110126,111010,1);
Insert into EQUIPMENTALLOCATION (LOCATIONID,EQUIPMENTID,QUANTITY) values (110126,111019,2);
Insert into EQUIPMENTALLOCATION (LOCATIONID,EQUIPMENTID,QUANTITY) values (110126,111016,1);
Insert into EQUIPMENTALLOCATION (LOCATIONID,EQUIPMENTID,QUANTITY) values (110127,111012,17);
Insert into EQUIPMENTALLOCATION (LOCATIONID,EQUIPMENTID,QUANTITY) values (110127,111014,30);
Insert into EQUIPMENTALLOCATION (LOCATIONID,EQUIPMENTID,QUANTITY) values (110127,111021,30);
Insert into EQUIPMENTALLOCATION (LOCATIONID,EQUIPMENTID,QUANTITY) values (110127,111020,1);
Insert into EQUIPMENTALLOCATION (LOCATIONID,EQUIPMENTID,QUANTITY) values (110127,111010,1);
Insert into EQUIPMENTALLOCATION (LOCATIONID,EQUIPMENTID,QUANTITY) values (110127,111019,2);
Insert into EQUIPMENTALLOCATION (LOCATIONID,EQUIPMENTID,QUANTITY) values (110127,111016,1);
Insert into EQUIPMENTALLOCATION (LOCATIONID,EQUIPMENTID,QUANTITY) values (110128,111034,1);
Insert into EQUIPMENTALLOCATION (LOCATIONID,EQUIPMENTID,QUANTITY) values (110129,111034,1);
Insert into EQUIPMENTALLOCATION (LOCATIONID,EQUIPMENTID,QUANTITY) values (110130,111027,3);
Insert into EQUIPMENTALLOCATION (LOCATIONID,EQUIPMENTID,QUANTITY) values (110130,111026,1);
REM INSERTING into EVENT
SET DEFINE OFF;
Insert into EVENT (EVENTID,EVENTNAME,EVENTPURPOSE,FACULTY,ORGANISER,STAFFID) values (100,null,'Seminar','Engineering','Juana Divens',12);
Insert into EVENT (EVENTID,EVENTNAME,EVENTPURPOSE,FACULTY,ORGANISER,STAFFID) values (101,null,'Meeting','H&W','Jeffry Cevallos',9);
Insert into EVENT (EVENTID,EVENTNAME,EVENTPURPOSE,FACULTY,ORGANISER,STAFFID) values (102,null,'Student Engagement Meeting','H&W','Malka Orsi',10);
Insert into EVENT (EVENTID,EVENTNAME,EVENTPURPOSE,FACULTY,ORGANISER,STAFFID) values (103,null,'Community Singing','Classics','Maryann Wengert',16);
Insert into EVENT (EVENTID,EVENTNAME,EVENTPURPOSE,FACULTY,ORGANISER,STAFFID) values (104,null,'Module Review Meeting','Computing','Everett Fuentes',14);
Insert into EVENT (EVENTID,EVENTNAME,EVENTPURPOSE,FACULTY,ORGANISER,STAFFID) values (105,null,'Student Walkthrough','Computing','Dave Whitburn',1);
Insert into EVENT (EVENTID,EVENTNAME,EVENTPURPOSE,FACULTY,ORGANISER,STAFFID) values (106,null,'Classics Fclty Mtg','Classics','Ann Wiggins',6);
Insert into EVENT (EVENTID,EVENTNAME,EVENTPURPOSE,FACULTY,ORGANISER,STAFFID) values (107,null,'Student Walkthrough','Computing','Dave Whitburn',1);
REM INSERTING into LOCATION
SET DEFINE OFF;
Insert into LOCATION (LOCATIONID,FLOOR,TYPE,ROOMNO,CURRENTCONFIG,LENGTH,WIDTH,BUILDINGID) values (110000,'G','Stairwell',null,null,4,4,1000);
Insert into LOCATION (LOCATIONID,FLOOR,TYPE,ROOMNO,CURRENTCONFIG,LENGTH,WIDTH,BUILDINGID) values (110001,'G','Corridor',null,null,80,3,1000);
Insert into LOCATION (LOCATIONID,FLOOR,TYPE,ROOMNO,CURRENTCONFIG,LENGTH,WIDTH,BUILDINGID) values (110002,'G','Foyer',null,null,22,10,1000);
Insert into LOCATION (LOCATIONID,FLOOR,TYPE,ROOMNO,CURRENTCONFIG,LENGTH,WIDTH,BUILDINGID) values (110003,'G','Ladies Toilet',null,null,6,4,1000);
Insert into LOCATION (LOCATIONID,FLOOR,TYPE,ROOMNO,CURRENTCONFIG,LENGTH,WIDTH,BUILDINGID) values (110004,'G','Gents Toilet',null,null,6,4,1000);
Insert into LOCATION (LOCATIONID,FLOOR,TYPE,ROOMNO,CURRENTCONFIG,LENGTH,WIDTH,BUILDINGID) values (110005,'G','Reception Office','AG01','I',6,3,1000);
Insert into LOCATION (LOCATIONID,FLOOR,TYPE,ROOMNO,CURRENTCONFIG,LENGTH,WIDTH,BUILDINGID) values (110006,'G','Store Room',null,null,3,4,1000);
Insert into LOCATION (LOCATIONID,FLOOR,TYPE,ROOMNO,CURRENTCONFIG,LENGTH,WIDTH,BUILDINGID) values (110007,'G','Conference Room','AG02','H',8,5,1000);
Insert into LOCATION (LOCATIONID,FLOOR,TYPE,ROOMNO,CURRENTCONFIG,LENGTH,WIDTH,BUILDINGID) values (110008,'G','Lecture Theatre','AG03','R',20,8,1000);
Insert into LOCATION (LOCATIONID,FLOOR,TYPE,ROOMNO,CURRENTCONFIG,LENGTH,WIDTH,BUILDINGID) values (110009,'G','Classroom','AG04','R',6,10,1000);
Insert into LOCATION (LOCATIONID,FLOOR,TYPE,ROOMNO,CURRENTCONFIG,LENGTH,WIDTH,BUILDINGID) values (110010,'G','Classroom','AG05','R',6,10,1000);
Insert into LOCATION (LOCATIONID,FLOOR,TYPE,ROOMNO,CURRENTCONFIG,LENGTH,WIDTH,BUILDINGID) values (110011,'G','Print Room','AG06',null,6,10,1000);
Insert into LOCATION (LOCATIONID,FLOOR,TYPE,ROOMNO,CURRENTCONFIG,LENGTH,WIDTH,BUILDINGID) values (110012,'1','Stairwell',null,null,4,4,1000);
Insert into LOCATION (LOCATIONID,FLOOR,TYPE,ROOMNO,CURRENTCONFIG,LENGTH,WIDTH,BUILDINGID) values (110013,'1','Corridor',null,null,100,3,1000);
Insert into LOCATION (LOCATIONID,FLOOR,TYPE,ROOMNO,CURRENTCONFIG,LENGTH,WIDTH,BUILDINGID) values (110014,'1','Classroom','A101','R',6,10,1000);
Insert into LOCATION (LOCATIONID,FLOOR,TYPE,ROOMNO,CURRENTCONFIG,LENGTH,WIDTH,BUILDINGID) values (110015,'1','Classroom','A102','R',6,10,1000);
Insert into LOCATION (LOCATIONID,FLOOR,TYPE,ROOMNO,CURRENTCONFIG,LENGTH,WIDTH,BUILDINGID) values (110016,'1','Classroom','A103','R',6,10,1000);
Insert into LOCATION (LOCATIONID,FLOOR,TYPE,ROOMNO,CURRENTCONFIG,LENGTH,WIDTH,BUILDINGID) values (110017,'1','Classroom','A104','R',6,10,1000);
Insert into LOCATION (LOCATIONID,FLOOR,TYPE,ROOMNO,CURRENTCONFIG,LENGTH,WIDTH,BUILDINGID) values (110018,'1','Classroom','A105','R',6,10,1000);
Insert into LOCATION (LOCATIONID,FLOOR,TYPE,ROOMNO,CURRENTCONFIG,LENGTH,WIDTH,BUILDINGID) values (110019,'1','Meeting Room','A106',null,4,4,1000);
Insert into LOCATION (LOCATIONID,FLOOR,TYPE,ROOMNO,CURRENTCONFIG,LENGTH,WIDTH,BUILDINGID) values (110020,'1','Utility',' ',null,3,4,1000);
Insert into LOCATION (LOCATIONID,FLOOR,TYPE,ROOMNO,CURRENTCONFIG,LENGTH,WIDTH,BUILDINGID) values (110021,'1','Ladies Toilet',' ',null,5,4,1000);
Insert into LOCATION (LOCATIONID,FLOOR,TYPE,ROOMNO,CURRENTCONFIG,LENGTH,WIDTH,BUILDINGID) values (110022,'1','Gents Toilet',' ',null,6,4,1000);
Insert into LOCATION (LOCATIONID,FLOOR,TYPE,ROOMNO,CURRENTCONFIG,LENGTH,WIDTH,BUILDINGID) values (110023,'1','Classroom','A107','R',6,10,1000);
Insert into LOCATION (LOCATIONID,FLOOR,TYPE,ROOMNO,CURRENTCONFIG,LENGTH,WIDTH,BUILDINGID) values (110024,'2','Stairwell',null,null,4,4,1000);
Insert into LOCATION (LOCATIONID,FLOOR,TYPE,ROOMNO,CURRENTCONFIG,LENGTH,WIDTH,BUILDINGID) values (110025,'2','Corridor',null,null,100,3,1000);
Insert into LOCATION (LOCATIONID,FLOOR,TYPE,ROOMNO,CURRENTCONFIG,LENGTH,WIDTH,BUILDINGID) values (110026,'2','Design Studio','A201','I',10,10,1000);
Insert into LOCATION (LOCATIONID,FLOOR,TYPE,ROOMNO,CURRENTCONFIG,LENGTH,WIDTH,BUILDINGID) values (110027,'2','Design Studio','A202','I',10,10,1000);
Insert into LOCATION (LOCATIONID,FLOOR,TYPE,ROOMNO,CURRENTCONFIG,LENGTH,WIDTH,BUILDINGID) values (110028,'2','Design Studio','A203','I',10,10,1000);
Insert into LOCATION (LOCATIONID,FLOOR,TYPE,ROOMNO,CURRENTCONFIG,LENGTH,WIDTH,BUILDINGID) values (110029,'2','Meeting Room','A204','I',6,4,1000);
Insert into LOCATION (LOCATIONID,FLOOR,TYPE,ROOMNO,CURRENTCONFIG,LENGTH,WIDTH,BUILDINGID) values (110030,'2','Classroom','A205','R',6,8,1000);
Insert into LOCATION (LOCATIONID,FLOOR,TYPE,ROOMNO,CURRENTCONFIG,LENGTH,WIDTH,BUILDINGID) values (110031,'2','Classroom','A206','R',6,8,1000);
Insert into LOCATION (LOCATIONID,FLOOR,TYPE,ROOMNO,CURRENTCONFIG,LENGTH,WIDTH,BUILDINGID) values (110032,'2','Ladies Toilet',null,null,5,3,1000);
Insert into LOCATION (LOCATIONID,FLOOR,TYPE,ROOMNO,CURRENTCONFIG,LENGTH,WIDTH,BUILDINGID) values (110033,'2','Gents Toilet',null,null,6,3,1000);
Insert into LOCATION (LOCATIONID,FLOOR,TYPE,ROOMNO,CURRENTCONFIG,LENGTH,WIDTH,BUILDINGID) values (110034,'2','Classroom','A207','I',6,8,1000);
Insert into LOCATION (LOCATIONID,FLOOR,TYPE,ROOMNO,CURRENTCONFIG,LENGTH,WIDTH,BUILDINGID) values (110035,'2','Classroom','A208','I',6,8,1000);
Insert into LOCATION (LOCATIONID,FLOOR,TYPE,ROOMNO,CURRENTCONFIG,LENGTH,WIDTH,BUILDINGID) values (110036,' ','Liftshaft 16',null,null,2.5,3,1003);
Insert into LOCATION (LOCATIONID,FLOOR,TYPE,ROOMNO,CURRENTCONFIG,LENGTH,WIDTH,BUILDINGID) values (110037,' ','Liftshaft 17',null,null,2.5,3,1003);
Insert into LOCATION (LOCATIONID,FLOOR,TYPE,ROOMNO,CURRENTCONFIG,LENGTH,WIDTH,BUILDINGID) values (110038,'G','North Stairwell',null,null,4,4,1003);
Insert into LOCATION (LOCATIONID,FLOOR,TYPE,ROOMNO,CURRENTCONFIG,LENGTH,WIDTH,BUILDINGID) values (110039,'G','Corridor N-S',null,null,50,3,1003);
Insert into LOCATION (LOCATIONID,FLOOR,TYPE,ROOMNO,CURRENTCONFIG,LENGTH,WIDTH,BUILDINGID) values (110040,'G','Entrance Lobby',null,null,15,25,1003);
Insert into LOCATION (LOCATIONID,FLOOR,TYPE,ROOMNO,CURRENTCONFIG,LENGTH,WIDTH,BUILDINGID) values (110041,'G','Ladies Toilet',null,null,6,4,1003);
Insert into LOCATION (LOCATIONID,FLOOR,TYPE,ROOMNO,CURRENTCONFIG,LENGTH,WIDTH,BUILDINGID) values (110042,'G','Gents Toilet',null,null,6,4,1003);
Insert into LOCATION (LOCATIONID,FLOOR,TYPE,ROOMNO,CURRENTCONFIG,LENGTH,WIDTH,BUILDINGID) values (110043,'G','Print Room','DG01',null,5,12,1003);
Insert into LOCATION (LOCATIONID,FLOOR,TYPE,ROOMNO,CURRENTCONFIG,LENGTH,WIDTH,BUILDINGID) values (110044,'G','Reception Office','DG02','I',6,3,1003);
Insert into LOCATION (LOCATIONID,FLOOR,TYPE,ROOMNO,CURRENTCONFIG,LENGTH,WIDTH,BUILDINGID) values (110045,'G','Central Stairwell',null,null,4,4,1003);
Insert into LOCATION (LOCATIONID,FLOOR,TYPE,ROOMNO,CURRENTCONFIG,LENGTH,WIDTH,BUILDINGID) values (110046,'G','Curtis Hall',' ',null,50,30,1003);
Insert into LOCATION (LOCATIONID,FLOOR,TYPE,ROOMNO,CURRENTCONFIG,LENGTH,WIDTH,BUILDINGID) values (110047,'G','Conference Room','DG03','H',8,5,1003);
Insert into LOCATION (LOCATIONID,FLOOR,TYPE,ROOMNO,CURRENTCONFIG,LENGTH,WIDTH,BUILDINGID) values (110048,'G','Lecture Theatre',' ','R',20,8,1003);
Insert into LOCATION (LOCATIONID,FLOOR,TYPE,ROOMNO,CURRENTCONFIG,LENGTH,WIDTH,BUILDINGID) values (110049,'G','Utility','DG04',null,6,4,1003);
Insert into LOCATION (LOCATIONID,FLOOR,TYPE,ROOMNO,CURRENTCONFIG,LENGTH,WIDTH,BUILDINGID) values (110050,'G','Shower Room','DG05',null,2.5,2,1003);
Insert into LOCATION (LOCATIONID,FLOOR,TYPE,ROOMNO,CURRENTCONFIG,LENGTH,WIDTH,BUILDINGID) values (110051,'G','Shower Room','DG06',null,3,2,1003);
Insert into LOCATION (LOCATIONID,FLOOR,TYPE,ROOMNO,CURRENTCONFIG,LENGTH,WIDTH,BUILDINGID) values (110052,'G','Shower Room','DG07',null,2,2.5,1003);
Insert into LOCATION (LOCATIONID,FLOOR,TYPE,ROOMNO,CURRENTCONFIG,LENGTH,WIDTH,BUILDINGID) values (110053,'G','Ladies Toilet',null,null,5,3,1003);
Insert into LOCATION (LOCATIONID,FLOOR,TYPE,ROOMNO,CURRENTCONFIG,LENGTH,WIDTH,BUILDINGID) values (110054,'G','Gents Toilet',null,null,5,3,1003);
Insert into LOCATION (LOCATIONID,FLOOR,TYPE,ROOMNO,CURRENTCONFIG,LENGTH,WIDTH,BUILDINGID) values (110055,'G','Corridor E-W',null,null,80,3,1003);
Insert into LOCATION (LOCATIONID,FLOOR,TYPE,ROOMNO,CURRENTCONFIG,LENGTH,WIDTH,BUILDINGID) values (110056,'G','West Stairwell',null,null,4,4,1003);
Insert into LOCATION (LOCATIONID,FLOOR,TYPE,ROOMNO,CURRENTCONFIG,LENGTH,WIDTH,BUILDINGID) values (110057,'1','North Stairwell',null,null,4,4,1003);
Insert into LOCATION (LOCATIONID,FLOOR,TYPE,ROOMNO,CURRENTCONFIG,LENGTH,WIDTH,BUILDINGID) values (110058,'1','Corridor N-S',null,null,50,3,1003);
Insert into LOCATION (LOCATIONID,FLOOR,TYPE,ROOMNO,CURRENTCONFIG,LENGTH,WIDTH,BUILDINGID) values (110059,'1','Classroom','D101','R',6,10,1003);
Insert into LOCATION (LOCATIONID,FLOOR,TYPE,ROOMNO,CURRENTCONFIG,LENGTH,WIDTH,BUILDINGID) values (110060,'1','Classroom','D102','R',6,10,1003);
Insert into LOCATION (LOCATIONID,FLOOR,TYPE,ROOMNO,CURRENTCONFIG,LENGTH,WIDTH,BUILDINGID) values (110061,'1','Classroom','D103','R',6,10,1003);
Insert into LOCATION (LOCATIONID,FLOOR,TYPE,ROOMNO,CURRENTCONFIG,LENGTH,WIDTH,BUILDINGID) values (110062,'1','Classroom','D104','R',6,10,1003);
Insert into LOCATION (LOCATIONID,FLOOR,TYPE,ROOMNO,CURRENTCONFIG,LENGTH,WIDTH,BUILDINGID) values (110063,'1','Classroom','D105','R',6,10,1003);
Insert into LOCATION (LOCATIONID,FLOOR,TYPE,ROOMNO,CURRENTCONFIG,LENGTH,WIDTH,BUILDINGID) values (110064,'1','Classroom','D106','R',6,10,1003);
Insert into LOCATION (LOCATIONID,FLOOR,TYPE,ROOMNO,CURRENTCONFIG,LENGTH,WIDTH,BUILDINGID) values (110065,'1','Classroom','D107','R',6,10,1003);
Insert into LOCATION (LOCATIONID,FLOOR,TYPE,ROOMNO,CURRENTCONFIG,LENGTH,WIDTH,BUILDINGID) values (110066,'1','Ladies Toilet',null,null,6,4,1003);
Insert into LOCATION (LOCATIONID,FLOOR,TYPE,ROOMNO,CURRENTCONFIG,LENGTH,WIDTH,BUILDINGID) values (110067,'1','Gents Toilet',null,null,6,4,1003);
Insert into LOCATION (LOCATIONID,FLOOR,TYPE,ROOMNO,CURRENTCONFIG,LENGTH,WIDTH,BUILDINGID) values (110068,'1','Central Stairwell',null,null,4,4,1003);
Insert into LOCATION (LOCATIONID,FLOOR,TYPE,ROOMNO,CURRENTCONFIG,LENGTH,WIDTH,BUILDINGID) values (110069,'1','Conference Room','D115','H',8,5,1003);
Insert into LOCATION (LOCATIONID,FLOOR,TYPE,ROOMNO,CURRENTCONFIG,LENGTH,WIDTH,BUILDINGID) values (110070,'1','Utility','D116',null,6,4,1003);
Insert into LOCATION (LOCATIONID,FLOOR,TYPE,ROOMNO,CURRENTCONFIG,LENGTH,WIDTH,BUILDINGID) values (110071,'1','IT General Laboratory','D108','R',6,10,1003);
Insert into LOCATION (LOCATIONID,FLOOR,TYPE,ROOMNO,CURRENTCONFIG,LENGTH,WIDTH,BUILDINGID) values (110072,'1','IT General Laboratory','D109','R',6,10,1003);
Insert into LOCATION (LOCATIONID,FLOOR,TYPE,ROOMNO,CURRENTCONFIG,LENGTH,WIDTH,BUILDINGID) values (110073,'1','IT General Laboratory','D110','R',6,10,1003);
Insert into LOCATION (LOCATIONID,FLOOR,TYPE,ROOMNO,CURRENTCONFIG,LENGTH,WIDTH,BUILDINGID) values (110074,'1','IT General Laboratory','D111','R',6,10,1003);
Insert into LOCATION (LOCATIONID,FLOOR,TYPE,ROOMNO,CURRENTCONFIG,LENGTH,WIDTH,BUILDINGID) values (110075,'1','IT General Laboratory','D112','R',6,10,1003);
Insert into LOCATION (LOCATIONID,FLOOR,TYPE,ROOMNO,CURRENTCONFIG,LENGTH,WIDTH,BUILDINGID) values (110076,'1','IT Forensics Laboratory','D113','R',6,10,1003);
Insert into LOCATION (LOCATIONID,FLOOR,TYPE,ROOMNO,CURRENTCONFIG,LENGTH,WIDTH,BUILDINGID) values (110077,'1','IT Network Laboratory','D114','R',6,10,1003);
Insert into LOCATION (LOCATIONID,FLOOR,TYPE,ROOMNO,CURRENTCONFIG,LENGTH,WIDTH,BUILDINGID) values (110078,'1','Ladies Toilet',null,null,5,3,1003);
Insert into LOCATION (LOCATIONID,FLOOR,TYPE,ROOMNO,CURRENTCONFIG,LENGTH,WIDTH,BUILDINGID) values (110079,'1','Gents Toilet',null,null,5,3,1003);
Insert into LOCATION (LOCATIONID,FLOOR,TYPE,ROOMNO,CURRENTCONFIG,LENGTH,WIDTH,BUILDINGID) values (110080,'1','Corridor E-W',null,null,80,3,1003);
Insert into LOCATION (LOCATIONID,FLOOR,TYPE,ROOMNO,CURRENTCONFIG,LENGTH,WIDTH,BUILDINGID) values (110081,'1','West Stairwell',null,null,4,4,1003);
Insert into LOCATION (LOCATIONID,FLOOR,TYPE,ROOMNO,CURRENTCONFIG,LENGTH,WIDTH,BUILDINGID) values (110082,'2','North Stairwell',null,null,4,4,1003);
Insert into LOCATION (LOCATIONID,FLOOR,TYPE,ROOMNO,CURRENTCONFIG,LENGTH,WIDTH,BUILDINGID) values (110083,'2','Corridor N-S',null,null,50,3,1003);
Insert into LOCATION (LOCATIONID,FLOOR,TYPE,ROOMNO,CURRENTCONFIG,LENGTH,WIDTH,BUILDINGID) values (110084,'2','AL Room','D201','I',6,10,1003);
Insert into LOCATION (LOCATIONID,FLOOR,TYPE,ROOMNO,CURRENTCONFIG,LENGTH,WIDTH,BUILDINGID) values (110085,'2','Classroom','D202','R',6,10,1003);
Insert into LOCATION (LOCATIONID,FLOOR,TYPE,ROOMNO,CURRENTCONFIG,LENGTH,WIDTH,BUILDINGID) values (110086,'2','Classroom','D203','R',6,10,1003);
Insert into LOCATION (LOCATIONID,FLOOR,TYPE,ROOMNO,CURRENTCONFIG,LENGTH,WIDTH,BUILDINGID) values (110087,'2','Classroom','D204','R',6,10,1003);
Insert into LOCATION (LOCATIONID,FLOOR,TYPE,ROOMNO,CURRENTCONFIG,LENGTH,WIDTH,BUILDINGID) values (110088,'2','Classroom','D205','R',6,10,1003);
Insert into LOCATION (LOCATIONID,FLOOR,TYPE,ROOMNO,CURRENTCONFIG,LENGTH,WIDTH,BUILDINGID) values (110089,'2','Classroom','D206','R',6,10,1003);
Insert into LOCATION (LOCATIONID,FLOOR,TYPE,ROOMNO,CURRENTCONFIG,LENGTH,WIDTH,BUILDINGID) values (110090,'2','Classroom','D207','R',6,10,1003);
Insert into LOCATION (LOCATIONID,FLOOR,TYPE,ROOMNO,CURRENTCONFIG,LENGTH,WIDTH,BUILDINGID) values (110091,'2','Ladies Toilet',null,null,6,4,1003);
Insert into LOCATION (LOCATIONID,FLOOR,TYPE,ROOMNO,CURRENTCONFIG,LENGTH,WIDTH,BUILDINGID) values (110092,'2','Gents Toilet',null,null,6,4,1003);
Insert into LOCATION (LOCATIONID,FLOOR,TYPE,ROOMNO,CURRENTCONFIG,LENGTH,WIDTH,BUILDINGID) values (110093,'2','Central Stairwell',null,null,4,4,1003);
Insert into LOCATION (LOCATIONID,FLOOR,TYPE,ROOMNO,CURRENTCONFIG,LENGTH,WIDTH,BUILDINGID) values (110094,'2','Conference Room','D208','H',8,5,1003);
Insert into LOCATION (LOCATIONID,FLOOR,TYPE,ROOMNO,CURRENTCONFIG,LENGTH,WIDTH,BUILDINGID) values (110095,'2','Utility','D209',null,6,4,1003);
Insert into LOCATION (LOCATIONID,FLOOR,TYPE,ROOMNO,CURRENTCONFIG,LENGTH,WIDTH,BUILDINGID) values (110096,'2','IT General Laboratory','D210','R',6,10,1003);
Insert into LOCATION (LOCATIONID,FLOOR,TYPE,ROOMNO,CURRENTCONFIG,LENGTH,WIDTH,BUILDINGID) values (110097,'2','IT General Laboratory','D211','R',6,10,1003);
Insert into LOCATION (LOCATIONID,FLOOR,TYPE,ROOMNO,CURRENTCONFIG,LENGTH,WIDTH,BUILDINGID) values (110098,'2','IT General Laboratory','D212','R',6,10,1003);
Insert into LOCATION (LOCATIONID,FLOOR,TYPE,ROOMNO,CURRENTCONFIG,LENGTH,WIDTH,BUILDINGID) values (110099,'2','IT General Laboratory','D213','R',6,10,1003);
Insert into LOCATION (LOCATIONID,FLOOR,TYPE,ROOMNO,CURRENTCONFIG,LENGTH,WIDTH,BUILDINGID) values (110100,'2','IT General Laboratory','D214','R',6,10,1003);
Insert into LOCATION (LOCATIONID,FLOOR,TYPE,ROOMNO,CURRENTCONFIG,LENGTH,WIDTH,BUILDINGID) values (110101,'2','IT Forensics Laboratory','D215','R',6,10,1003);
Insert into LOCATION (LOCATIONID,FLOOR,TYPE,ROOMNO,CURRENTCONFIG,LENGTH,WIDTH,BUILDINGID) values (110102,'2','IT Network Laboratory','D216','R',6,10,1003);
Insert into LOCATION (LOCATIONID,FLOOR,TYPE,ROOMNO,CURRENTCONFIG,LENGTH,WIDTH,BUILDINGID) values (110103,'2','Ladies Toilet',null,null,5,3,1003);
Insert into LOCATION (LOCATIONID,FLOOR,TYPE,ROOMNO,CURRENTCONFIG,LENGTH,WIDTH,BUILDINGID) values (110104,'2','Gents Toilet',null,null,5,3,1003);
Insert into LOCATION (LOCATIONID,FLOOR,TYPE,ROOMNO,CURRENTCONFIG,LENGTH,WIDTH,BUILDINGID) values (110105,'2','Corridor E-W',null,null,80,3,1003);
Insert into LOCATION (LOCATIONID,FLOOR,TYPE,ROOMNO,CURRENTCONFIG,LENGTH,WIDTH,BUILDINGID) values (110106,'2','West Stairwell',null,null,4,4,1003);
Insert into LOCATION (LOCATIONID,FLOOR,TYPE,ROOMNO,CURRENTCONFIG,LENGTH,WIDTH,BUILDINGID) values (110107,'3','North Stairwell',null,null,4,4,1003);
Insert into LOCATION (LOCATIONID,FLOOR,TYPE,ROOMNO,CURRENTCONFIG,LENGTH,WIDTH,BUILDINGID) values (110108,'3','Corridor N-S',null,null,50,3,1003);
Insert into LOCATION (LOCATIONID,FLOOR,TYPE,ROOMNO,CURRENTCONFIG,LENGTH,WIDTH,BUILDINGID) values (110109,'3','Office (Acad. Staff)','D301','I',6,10,1003);
Insert into LOCATION (LOCATIONID,FLOOR,TYPE,ROOMNO,CURRENTCONFIG,LENGTH,WIDTH,BUILDINGID) values (110110,'3','Office (Acad. Staff)','D302','I',6,10,1003);
Insert into LOCATION (LOCATIONID,FLOOR,TYPE,ROOMNO,CURRENTCONFIG,LENGTH,WIDTH,BUILDINGID) values (110111,'3','Office (Acad. Staff)','D303','I',6,10,1003);
Insert into LOCATION (LOCATIONID,FLOOR,TYPE,ROOMNO,CURRENTCONFIG,LENGTH,WIDTH,BUILDINGID) values (110112,'3','Office (Acad. Staff)','D304','I',6,10,1003);
Insert into LOCATION (LOCATIONID,FLOOR,TYPE,ROOMNO,CURRENTCONFIG,LENGTH,WIDTH,BUILDINGID) values (110113,'3','Office (Acad. Staff)','D305','I',6,10,1003);
Insert into LOCATION (LOCATIONID,FLOOR,TYPE,ROOMNO,CURRENTCONFIG,LENGTH,WIDTH,BUILDINGID) values (110114,'3','Office (Acad. Staff)','D306','I',6,10,1003);
Insert into LOCATION (LOCATIONID,FLOOR,TYPE,ROOMNO,CURRENTCONFIG,LENGTH,WIDTH,BUILDINGID) values (110115,'3','Office (Acad. Staff)','D307','I',6,10,1003);
Insert into LOCATION (LOCATIONID,FLOOR,TYPE,ROOMNO,CURRENTCONFIG,LENGTH,WIDTH,BUILDINGID) values (110116,'3','Ladies Toilet',null,null,6,4,1003);
Insert into LOCATION (LOCATIONID,FLOOR,TYPE,ROOMNO,CURRENTCONFIG,LENGTH,WIDTH,BUILDINGID) values (110117,'3','Gents Toilet',null,null,6,4,1003);
Insert into LOCATION (LOCATIONID,FLOOR,TYPE,ROOMNO,CURRENTCONFIG,LENGTH,WIDTH,BUILDINGID) values (110118,'3','Central Stairwell',null,null,4,4,1003);
Insert into LOCATION (LOCATIONID,FLOOR,TYPE,ROOMNO,CURRENTCONFIG,LENGTH,WIDTH,BUILDINGID) values (110119,'3','Conference Room','D308','H',8,5,1003);
Insert into LOCATION (LOCATIONID,FLOOR,TYPE,ROOMNO,CURRENTCONFIG,LENGTH,WIDTH,BUILDINGID) values (110120,'3','Utility','D309',null,6,4,1003);
Insert into LOCATION (LOCATIONID,FLOOR,TYPE,ROOMNO,CURRENTCONFIG,LENGTH,WIDTH,BUILDINGID) values (110121,'3','IT General Laboratory','D310','R',6,10,1003);
Insert into LOCATION (LOCATIONID,FLOOR,TYPE,ROOMNO,CURRENTCONFIG,LENGTH,WIDTH,BUILDINGID) values (110122,'3','IT General Laboratory','D311','R',6,10,1003);
Insert into LOCATION (LOCATIONID,FLOOR,TYPE,ROOMNO,CURRENTCONFIG,LENGTH,WIDTH,BUILDINGID) values (110123,'3','IT General Laboratory','D312','R',6,10,1003);
Insert into LOCATION (LOCATIONID,FLOOR,TYPE,ROOMNO,CURRENTCONFIG,LENGTH,WIDTH,BUILDINGID) values (110124,'3','IT General Laboratory','D313','R',6,10,1003);
Insert into LOCATION (LOCATIONID,FLOOR,TYPE,ROOMNO,CURRENTCONFIG,LENGTH,WIDTH,BUILDINGID) values (110125,'3','IT General Laboratory','D314','R',6,10,1003);
Insert into LOCATION (LOCATIONID,FLOOR,TYPE,ROOMNO,CURRENTCONFIG,LENGTH,WIDTH,BUILDINGID) values (110126,'3','IT Forensics Laboratory','D315','R',6,10,1003);
Insert into LOCATION (LOCATIONID,FLOOR,TYPE,ROOMNO,CURRENTCONFIG,LENGTH,WIDTH,BUILDINGID) values (110127,'3','IT Network Laboratory','D316','R',6,10,1003);
Insert into LOCATION (LOCATIONID,FLOOR,TYPE,ROOMNO,CURRENTCONFIG,LENGTH,WIDTH,BUILDINGID) values (110128,'3','Ladies Toilet',null,null,5,3,1003);
Insert into LOCATION (LOCATIONID,FLOOR,TYPE,ROOMNO,CURRENTCONFIG,LENGTH,WIDTH,BUILDINGID) values (110129,'3','Gents Toilet',null,null,5,3,1003);
Insert into LOCATION (LOCATIONID,FLOOR,TYPE,ROOMNO,CURRENTCONFIG,LENGTH,WIDTH,BUILDINGID) values (110130,'3','Corridor E-W',null,null,80,3,1003);
Insert into LOCATION (LOCATIONID,FLOOR,TYPE,ROOMNO,CURRENTCONFIG,LENGTH,WIDTH,BUILDINGID) values (110131,'3','West Stairwell',null,null,4,4,1003);
REM INSERTING into PCALLOCATION
SET DEFINE OFF;
Insert into PCALLOCATION (PCID,PCROLE,LOCATIONID) values (603146,'Student',110127);
Insert into PCALLOCATION (PCID,PCROLE,LOCATIONID) values (369145,'Student',110127);
Insert into PCALLOCATION (PCID,PCROLE,LOCATIONID) values (575703,'Student',110127);
Insert into PCALLOCATION (PCID,PCROLE,LOCATIONID) values (447240,'Student',110074);
Insert into PCALLOCATION (PCID,PCROLE,LOCATIONID) values (382398,'Student',110074);
Insert into PCALLOCATION (PCID,PCROLE,LOCATIONID) values (527445,'Student',110074);
Insert into PCALLOCATION (PCID,PCROLE,LOCATIONID) values (396062,'Student',110074);
Insert into PCALLOCATION (PCID,PCROLE,LOCATIONID) values (620991,'Student',110074);
Insert into PCALLOCATION (PCID,PCROLE,LOCATIONID) values (624546,'Student',110074);
Insert into PCALLOCATION (PCID,PCROLE,LOCATIONID) values (359736,'Student',110075);
Insert into PCALLOCATION (PCID,PCROLE,LOCATIONID) values (581933,'Student',110075);
Insert into PCALLOCATION (PCID,PCROLE,LOCATIONID) values (519835,'Student',110075);
Insert into PCALLOCATION (PCID,PCROLE,LOCATIONID) values (398674,'Student',110075);
Insert into PCALLOCATION (PCID,PCROLE,LOCATIONID) values (475739,'Student',110075);
Insert into PCALLOCATION (PCID,PCROLE,LOCATIONID) values (428116,'Student',110075);
Insert into PCALLOCATION (PCID,PCROLE,LOCATIONID) values (416608,'Student',110076);
Insert into PCALLOCATION (PCID,PCROLE,LOCATIONID) values (379718,'Student',110076);
Insert into PCALLOCATION (PCID,PCROLE,LOCATIONID) values (418764,'Student',110076);
Insert into PCALLOCATION (PCID,PCROLE,LOCATIONID) values (455486,'Student',110098);
Insert into PCALLOCATION (PCID,PCROLE,LOCATIONID) values (497932,'Student',110098);
Insert into PCALLOCATION (PCID,PCROLE,LOCATIONID) values (501617,'Student',110098);
Insert into PCALLOCATION (PCID,PCROLE,LOCATIONID) values (433518,'Student',110098);
Insert into PCALLOCATION (PCID,PCROLE,LOCATIONID) values (547357,'Student',110098);
Insert into PCALLOCATION (PCID,PCROLE,LOCATIONID) values (428602,'Student',110099);
Insert into PCALLOCATION (PCID,PCROLE,LOCATIONID) values (604469,'Student',110099);
Insert into PCALLOCATION (PCID,PCROLE,LOCATIONID) values (364530,'Student',110099);
Insert into PCALLOCATION (PCID,PCROLE,LOCATIONID) values (355755,'Student',110099);
Insert into PCALLOCATION (PCID,PCROLE,LOCATIONID) values (507971,'Student',110099);
Insert into PCALLOCATION (PCID,PCROLE,LOCATIONID) values (405400,'Student',110099);
Insert into PCALLOCATION (PCID,PCROLE,LOCATIONID) values (388109,'Student',110100);
Insert into PCALLOCATION (PCID,PCROLE,LOCATIONID) values (378646,'Student',110100);
Insert into PCALLOCATION (PCID,PCROLE,LOCATIONID) values (465917,'Student',110100);
Insert into PCALLOCATION (PCID,PCROLE,LOCATIONID) values (420562,'Student',110123);
Insert into PCALLOCATION (PCID,PCROLE,LOCATIONID) values (610079,'Student',110123);
Insert into PCALLOCATION (PCID,PCROLE,LOCATIONID) values (400579,'Student',110123);
Insert into PCALLOCATION (PCID,PCROLE,LOCATIONID) values (448280,'Student',110124);
Insert into PCALLOCATION (PCID,PCROLE,LOCATIONID) values (612450,'Student',110124);
Insert into PCALLOCATION (PCID,PCROLE,LOCATIONID) values (575215,'Student',110124);
Insert into PCALLOCATION (PCID,PCROLE,LOCATIONID) values (621885,'Student',110124);
Insert into PCALLOCATION (PCID,PCROLE,LOCATIONID) values (493482,'Student',110124);
Insert into PCALLOCATION (PCID,PCROLE,LOCATIONID) values (568136,'Student',110124);
Insert into PCALLOCATION (PCID,PCROLE,LOCATIONID) values (450875,'Student',110125);
Insert into PCALLOCATION (PCID,PCROLE,LOCATIONID) values (410759,'Student',110125);
Insert into PCALLOCATION (PCID,PCROLE,LOCATIONID) values (453306,'Student',110125);
Insert into PCALLOCATION (PCID,PCROLE,LOCATIONID) values (601857,'Student',110125);
Insert into PCALLOCATION (PCID,PCROLE,LOCATIONID) values (427235,'Lectern',110008);
Insert into PCALLOCATION (PCID,PCROLE,LOCATIONID) values (574247,'Lectern',110009);
Insert into PCALLOCATION (PCID,PCROLE,LOCATIONID) values (607311,'Lectern',110010);
Insert into PCALLOCATION (PCID,PCROLE,LOCATIONID) values (479175,'Lectern',110014);
Insert into PCALLOCATION (PCID,PCROLE,LOCATIONID) values (569792,'Lectern',110015);
Insert into PCALLOCATION (PCID,PCROLE,LOCATIONID) values (524813,'Lectern',110016);
Insert into PCALLOCATION (PCID,PCROLE,LOCATIONID) values (390459,'Lectern',110017);
Insert into PCALLOCATION (PCID,PCROLE,LOCATIONID) values (522424,'Lectern',110018);
Insert into PCALLOCATION (PCID,PCROLE,LOCATIONID) values (561451,'Lectern',110023);
Insert into PCALLOCATION (PCID,PCROLE,LOCATIONID) values (507783,'Lectern',110030);
Insert into PCALLOCATION (PCID,PCROLE,LOCATIONID) values (562229,'Lectern',110031);
Insert into PCALLOCATION (PCID,PCROLE,LOCATIONID) values (513360,'Lectern',110034);
Insert into PCALLOCATION (PCID,PCROLE,LOCATIONID) values (584651,'Lectern',110035);
Insert into PCALLOCATION (PCID,PCROLE,LOCATIONID) values (497280,'Lectern',110026);
Insert into PCALLOCATION (PCID,PCROLE,LOCATIONID) values (431286,'Lectern',110027);
Insert into PCALLOCATION (PCID,PCROLE,LOCATIONID) values (383768,'Lectern',110028);
Insert into PCALLOCATION (PCID,PCROLE,LOCATIONID) values (415918,'Lectern',110046);
Insert into PCALLOCATION (PCID,PCROLE,LOCATIONID) values (466642,'Lectern',110048);
Insert into PCALLOCATION (PCID,PCROLE,LOCATIONID) values (608101,'Lectern',110059);
Insert into PCALLOCATION (PCID,PCROLE,LOCATIONID) values (383567,'Student',110125);
Insert into PCALLOCATION (PCID,PCROLE,LOCATIONID) values (505343,'Student',110125);
Insert into PCALLOCATION (PCID,PCROLE,LOCATIONID) values (548589,'Student',110125);
Insert into PCALLOCATION (PCID,PCROLE,LOCATIONID) values (435825,'Student',110125);
Insert into PCALLOCATION (PCID,PCROLE,LOCATIONID) values (401893,'Student',110125);
Insert into PCALLOCATION (PCID,PCROLE,LOCATIONID) values (549733,'Student',110125);
Insert into PCALLOCATION (PCID,PCROLE,LOCATIONID) values (466055,'Student',110125);
Insert into PCALLOCATION (PCID,PCROLE,LOCATIONID) values (508477,'Student',110125);
Insert into PCALLOCATION (PCID,PCROLE,LOCATIONID) values (458750,'Student',110125);
Insert into PCALLOCATION (PCID,PCROLE,LOCATIONID) values (373687,'Student',110125);
Insert into PCALLOCATION (PCID,PCROLE,LOCATIONID) values (363553,'Student',110126);
Insert into PCALLOCATION (PCID,PCROLE,LOCATIONID) values (467439,'Student',110126);
Insert into PCALLOCATION (PCID,PCROLE,LOCATIONID) values (415499,'Student',110126);
Insert into PCALLOCATION (PCID,PCROLE,LOCATIONID) values (587247,'Student',110126);
Insert into PCALLOCATION (PCID,PCROLE,LOCATIONID) values (487032,'Student',110126);
Insert into PCALLOCATION (PCID,PCROLE,LOCATIONID) values (373520,'Student',110126);
Insert into PCALLOCATION (PCID,PCROLE,LOCATIONID) values (565515,'Student',110126);
Insert into PCALLOCATION (PCID,PCROLE,LOCATIONID) values (456455,'Student',110126);
Insert into PCALLOCATION (PCID,PCROLE,LOCATIONID) values (543686,'Student',110126);
Insert into PCALLOCATION (PCID,PCROLE,LOCATIONID) values (550825,'Student',110126);
Insert into PCALLOCATION (PCID,PCROLE,LOCATIONID) values (497539,'Student',110126);
Insert into PCALLOCATION (PCID,PCROLE,LOCATIONID) values (400421,'Student',110126);
Insert into PCALLOCATION (PCID,PCROLE,LOCATIONID) values (584536,'Student',110126);
Insert into PCALLOCATION (PCID,PCROLE,LOCATIONID) values (394342,'Student',110126);
Insert into PCALLOCATION (PCID,PCROLE,LOCATIONID) values (579356,'Student',110126);
Insert into PCALLOCATION (PCID,PCROLE,LOCATIONID) values (396622,'Student',110126);
Insert into PCALLOCATION (PCID,PCROLE,LOCATIONID) values (353554,'Student',110126);
Insert into PCALLOCATION (PCID,PCROLE,LOCATIONID) values (423805,'Student',110126);
Insert into PCALLOCATION (PCID,PCROLE,LOCATIONID) values (588905,'Student',110126);
Insert into PCALLOCATION (PCID,PCROLE,LOCATIONID) values (425841,'Student',110126);
Insert into PCALLOCATION (PCID,PCROLE,LOCATIONID) values (436553,'Student',110126);
Insert into PCALLOCATION (PCID,PCROLE,LOCATIONID) values (529062,'Student',110126);
Insert into PCALLOCATION (PCID,PCROLE,LOCATIONID) values (401431,'Student',110126);
Insert into PCALLOCATION (PCID,PCROLE,LOCATIONID) values (389295,'Student',110126);
Insert into PCALLOCATION (PCID,PCROLE,LOCATIONID) values (479896,'Student',110126);
Insert into PCALLOCATION (PCID,PCROLE,LOCATIONID) values (555033,'Student',110126);
Insert into PCALLOCATION (PCID,PCROLE,LOCATIONID) values (605081,'Student',110126);
Insert into PCALLOCATION (PCID,PCROLE,LOCATIONID) values (497750,'Student',110126);
Insert into PCALLOCATION (PCID,PCROLE,LOCATIONID) values (470435,'Student',110126);
Insert into PCALLOCATION (PCID,PCROLE,LOCATIONID) values (537479,'Student',110126);
Insert into PCALLOCATION (PCID,PCROLE,LOCATIONID) values (401329,'Student',110127);
Insert into PCALLOCATION (PCID,PCROLE,LOCATIONID) values (613877,'Student',110127);
Insert into PCALLOCATION (PCID,PCROLE,LOCATIONID) values (428935,'Student',110127);
Insert into PCALLOCATION (PCID,PCROLE,LOCATIONID) values (470443,'Student',110127);
Insert into PCALLOCATION (PCID,PCROLE,LOCATIONID) values (585096,'Student',110127);
Insert into PCALLOCATION (PCID,PCROLE,LOCATIONID) values (603702,'Student',110127);
Insert into PCALLOCATION (PCID,PCROLE,LOCATIONID) values (501457,'Student',110127);
Insert into PCALLOCATION (PCID,PCROLE,LOCATIONID) values (544750,'Student',110127);
Insert into PCALLOCATION (PCID,PCROLE,LOCATIONID) values (568839,'Student',110127);
Insert into PCALLOCATION (PCID,PCROLE,LOCATIONID) values (557866,'Student',110127);
Insert into PCALLOCATION (PCID,PCROLE,LOCATIONID) values (420485,'Student',110127);
Insert into PCALLOCATION (PCID,PCROLE,LOCATIONID) values (450683,'Student',110127);
Insert into PCALLOCATION (PCID,PCROLE,LOCATIONID) values (550082,'Student',110127);
Insert into PCALLOCATION (PCID,PCROLE,LOCATIONID) values (536711,'Student',110127);
Insert into PCALLOCATION (PCID,PCROLE,LOCATIONID) values (407478,'Student',110127);
Insert into PCALLOCATION (PCID,PCROLE,LOCATIONID) values (498874,'Student',110127);
Insert into PCALLOCATION (PCID,PCROLE,LOCATIONID) values (373542,'Student',110127);
Insert into PCALLOCATION (PCID,PCROLE,LOCATIONID) values (416912,'Student',110127);
Insert into PCALLOCATION (PCID,PCROLE,LOCATIONID) values (395657,'Student',110127);
Insert into PCALLOCATION (PCID,PCROLE,LOCATIONID) values (462829,'Student',110127);
Insert into PCALLOCATION (PCID,PCROLE,LOCATIONID) values (568755,'Student',110127);
Insert into PCALLOCATION (PCID,PCROLE,LOCATIONID) values (468600,'Student',110127);
Insert into PCALLOCATION (PCID,PCROLE,LOCATIONID) values (623307,'Student',110127);
Insert into PCALLOCATION (PCID,PCROLE,LOCATIONID) values (596430,'Student',110127);
Insert into PCALLOCATION (PCID,PCROLE,LOCATIONID) values (406278,'Student',110127);
Insert into PCALLOCATION (PCID,PCROLE,LOCATIONID) values (584255,'Student',110127);
Insert into PCALLOCATION (PCID,PCROLE,LOCATIONID) values (592908,'Student',110127);
Insert into PCALLOCATION (PCID,PCROLE,LOCATIONID) values (584767,'Lectern',110060);
Insert into PCALLOCATION (PCID,PCROLE,LOCATIONID) values (416832,'Lectern',110111);
Insert into PCALLOCATION (PCID,PCROLE,LOCATIONID) values (508928,'Lectern',110111);
Insert into PCALLOCATION (PCID,PCROLE,LOCATIONID) values (461977,'Lectern',110111);
Insert into PCALLOCATION (PCID,PCROLE,LOCATIONID) values (594158,'Lectern',110111);
Insert into PCALLOCATION (PCID,PCROLE,LOCATIONID) values (397111,'Lectern',110111);
Insert into PCALLOCATION (PCID,PCROLE,LOCATIONID) values (436119,'Lectern',110112);
Insert into PCALLOCATION (PCID,PCROLE,LOCATIONID) values (524183,'Lectern',110112);
Insert into PCALLOCATION (PCID,PCROLE,LOCATIONID) values (524322,'Lectern',110112);
Insert into PCALLOCATION (PCID,PCROLE,LOCATIONID) values (451237,'Lectern',110112);
Insert into PCALLOCATION (PCID,PCROLE,LOCATIONID) values (603117,'Lectern',110112);
Insert into PCALLOCATION (PCID,PCROLE,LOCATIONID) values (439958,'Lectern',110112);
Insert into PCALLOCATION (PCID,PCROLE,LOCATIONID) values (600098,'Lectern',110112);
Insert into PCALLOCATION (PCID,PCROLE,LOCATIONID) values (583728,'Lectern',110112);
Insert into PCALLOCATION (PCID,PCROLE,LOCATIONID) values (491051,'Lectern',110112);
Insert into PCALLOCATION (PCID,PCROLE,LOCATIONID) values (467086,'Lectern',110112);
Insert into PCALLOCATION (PCID,PCROLE,LOCATIONID) values (526764,'Lectern',110113);
Insert into PCALLOCATION (PCID,PCROLE,LOCATIONID) values (489728,'Lectern',110113);
Insert into PCALLOCATION (PCID,PCROLE,LOCATIONID) values (614636,'Lectern',110113);
Insert into PCALLOCATION (PCID,PCROLE,LOCATIONID) values (603428,'Lectern',110113);
Insert into PCALLOCATION (PCID,PCROLE,LOCATIONID) values (393108,'Lectern',110113);
Insert into PCALLOCATION (PCID,PCROLE,LOCATIONID) values (466328,'Lectern',110113);
Insert into PCALLOCATION (PCID,PCROLE,LOCATIONID) values (597925,'Lectern',110113);
Insert into PCALLOCATION (PCID,PCROLE,LOCATIONID) values (439339,'Lectern',110113);
Insert into PCALLOCATION (PCID,PCROLE,LOCATIONID) values (406320,'Lectern',110113);
Insert into PCALLOCATION (PCID,PCROLE,LOCATIONID) values (441400,'Lectern',110113);
Insert into PCALLOCATION (PCID,PCROLE,LOCATIONID) values (423110,'Lectern',110114);
Insert into PCALLOCATION (PCID,PCROLE,LOCATIONID) values (514258,'Lectern',110114);
Insert into PCALLOCATION (PCID,PCROLE,LOCATIONID) values (489924,'Lectern',110114);
Insert into PCALLOCATION (PCID,PCROLE,LOCATIONID) values (392921,'Lectern',110114);
Insert into PCALLOCATION (PCID,PCROLE,LOCATIONID) values (621421,'Lectern',110114);
Insert into PCALLOCATION (PCID,PCROLE,LOCATIONID) values (427490,'Lectern',110114);
Insert into PCALLOCATION (PCID,PCROLE,LOCATIONID) values (432958,'Lectern',110114);
Insert into PCALLOCATION (PCID,PCROLE,LOCATIONID) values (374161,'Lectern',110114);
Insert into PCALLOCATION (PCID,PCROLE,LOCATIONID) values (595463,'Lectern',110114);
Insert into PCALLOCATION (PCID,PCROLE,LOCATIONID) values (589059,'Lectern',110114);
Insert into PCALLOCATION (PCID,PCROLE,LOCATIONID) values (574771,'Lectern',110115);
Insert into PCALLOCATION (PCID,PCROLE,LOCATIONID) values (448698,'Lectern',110115);
Insert into PCALLOCATION (PCID,PCROLE,LOCATIONID) values (420424,'Lectern',110115);
Insert into PCALLOCATION (PCID,PCROLE,LOCATIONID) values (390206,'Lectern',110115);
Insert into PCALLOCATION (PCID,PCROLE,LOCATIONID) values (425351,'Lectern',110115);
Insert into PCALLOCATION (PCID,PCROLE,LOCATIONID) values (557403,'Lectern',110115);
Insert into PCALLOCATION (PCID,PCROLE,LOCATIONID) values (494527,'Lectern',110115);
Insert into PCALLOCATION (PCID,PCROLE,LOCATIONID) values (585248,'Lectern',110115);
Insert into PCALLOCATION (PCID,PCROLE,LOCATIONID) values (471728,'Lectern',110115);
Insert into PCALLOCATION (PCID,PCROLE,LOCATIONID) values (486339,'Lectern',110115);
Insert into PCALLOCATION (PCID,PCROLE,LOCATIONID) values (508829,'Lectern',110122);
Insert into PCALLOCATION (PCID,PCROLE,LOCATIONID) values (575508,'Lectern',110123);
Insert into PCALLOCATION (PCID,PCROLE,LOCATIONID) values (471947,'Lectern',110124);
Insert into PCALLOCATION (PCID,PCROLE,LOCATIONID) values (438438,'Lectern',110125);
Insert into PCALLOCATION (PCID,PCROLE,LOCATIONID) values (571280,'Lectern',110126);
Insert into PCALLOCATION (PCID,PCROLE,LOCATIONID) values (346174,'Lectern',110127);
Insert into PCALLOCATION (PCID,PCROLE,LOCATIONID) values (612244,'Lectern',110061);
Insert into PCALLOCATION (PCID,PCROLE,LOCATIONID) values (588955,'Lectern',110062);
Insert into PCALLOCATION (PCID,PCROLE,LOCATIONID) values (598963,'Lectern',110063);
Insert into PCALLOCATION (PCID,PCROLE,LOCATIONID) values (431600,'Lectern',110064);
Insert into PCALLOCATION (PCID,PCROLE,LOCATIONID) values (429363,'Lectern',110065);
Insert into PCALLOCATION (PCID,PCROLE,LOCATIONID) values (394879,'Lectern',110071);
Insert into PCALLOCATION (PCID,PCROLE,LOCATIONID) values (443301,'Lectern',110072);
Insert into PCALLOCATION (PCID,PCROLE,LOCATIONID) values (535567,'Lectern',110073);
Insert into PCALLOCATION (PCID,PCROLE,LOCATIONID) values (456402,'Lectern',110074);
Insert into PCALLOCATION (PCID,PCROLE,LOCATIONID) values (578529,'Lectern',110075);
Insert into PCALLOCATION (PCID,PCROLE,LOCATIONID) values (486660,'Lectern',110076);
Insert into PCALLOCATION (PCID,PCROLE,LOCATIONID) values (607060,'Lectern',110077);
Insert into PCALLOCATION (PCID,PCROLE,LOCATIONID) values (548461,'Lectern',110085);
Insert into PCALLOCATION (PCID,PCROLE,LOCATIONID) values (465565,'Lectern',110086);
Insert into PCALLOCATION (PCID,PCROLE,LOCATIONID) values (578991,'Lectern',110087);
Insert into PCALLOCATION (PCID,PCROLE,LOCATIONID) values (466453,'Lectern',110088);
Insert into PCALLOCATION (PCID,PCROLE,LOCATIONID) values (520120,'Lectern',110089);
Insert into PCALLOCATION (PCID,PCROLE,LOCATIONID) values (389655,'Lectern',110090);
Insert into PCALLOCATION (PCID,PCROLE,LOCATIONID) values (369601,'Lectern',110096);
Insert into PCALLOCATION (PCID,PCROLE,LOCATIONID) values (423063,'Lectern',110097);
Insert into PCALLOCATION (PCID,PCROLE,LOCATIONID) values (500071,'Lectern',110098);
Insert into PCALLOCATION (PCID,PCROLE,LOCATIONID) values (531229,'Lectern',110099);
Insert into PCALLOCATION (PCID,PCROLE,LOCATIONID) values (595672,'Lectern',110100);
Insert into PCALLOCATION (PCID,PCROLE,LOCATIONID) values (463380,'Lectern',110101);
Insert into PCALLOCATION (PCID,PCROLE,LOCATIONID) values (564390,'Lectern',110102);
Insert into PCALLOCATION (PCID,PCROLE,LOCATIONID) values (469100,'Lectern',110109);
Insert into PCALLOCATION (PCID,PCROLE,LOCATIONID) values (452582,'Lectern',110109);
Insert into PCALLOCATION (PCID,PCROLE,LOCATIONID) values (514579,'Lectern',110109);
Insert into PCALLOCATION (PCID,PCROLE,LOCATIONID) values (403592,'Lectern',110109);
Insert into PCALLOCATION (PCID,PCROLE,LOCATIONID) values (561543,'Lectern',110109);
Insert into PCALLOCATION (PCID,PCROLE,LOCATIONID) values (354305,'Lectern',110109);
Insert into PCALLOCATION (PCID,PCROLE,LOCATIONID) values (454021,'Lectern',110109);
Insert into PCALLOCATION (PCID,PCROLE,LOCATIONID) values (564463,'Lectern',110109);
Insert into PCALLOCATION (PCID,PCROLE,LOCATIONID) values (359297,'Lectern',110109);
Insert into PCALLOCATION (PCID,PCROLE,LOCATIONID) values (447950,'Lectern',110109);
Insert into PCALLOCATION (PCID,PCROLE,LOCATIONID) values (357524,'Lectern',110110);
Insert into PCALLOCATION (PCID,PCROLE,LOCATIONID) values (378951,'Lectern',110110);
Insert into PCALLOCATION (PCID,PCROLE,LOCATIONID) values (400559,'Lectern',110110);
Insert into PCALLOCATION (PCID,PCROLE,LOCATIONID) values (434364,'Lectern',110110);
Insert into PCALLOCATION (PCID,PCROLE,LOCATIONID) values (433095,'Lectern',110110);
Insert into PCALLOCATION (PCID,PCROLE,LOCATIONID) values (605600,'Lectern',110110);
Insert into PCALLOCATION (PCID,PCROLE,LOCATIONID) values (593442,'Lectern',110110);
Insert into PCALLOCATION (PCID,PCROLE,LOCATIONID) values (484931,'Lectern',110110);
Insert into PCALLOCATION (PCID,PCROLE,LOCATIONID) values (415018,'Lectern',110110);
Insert into PCALLOCATION (PCID,PCROLE,LOCATIONID) values (470518,'Lectern',110110);
Insert into PCALLOCATION (PCID,PCROLE,LOCATIONID) values (388569,'Lectern',110111);
Insert into PCALLOCATION (PCID,PCROLE,LOCATIONID) values (399310,'Lectern',110111);
Insert into PCALLOCATION (PCID,PCROLE,LOCATIONID) values (349061,'Lectern',110111);
Insert into PCALLOCATION (PCID,PCROLE,LOCATIONID) values (410583,'Lectern',110111);
Insert into PCALLOCATION (PCID,PCROLE,LOCATIONID) values (425101,'Lectern',110111);
Insert into PCALLOCATION (PCID,PCROLE,LOCATIONID) values (559848,'Student',110026);
Insert into PCALLOCATION (PCID,PCROLE,LOCATIONID) values (619189,'Student',110027);
Insert into PCALLOCATION (PCID,PCROLE,LOCATIONID) values (406211,'Student',110028);
Insert into PCALLOCATION (PCID,PCROLE,LOCATIONID) values (357508,'Student',110071);
Insert into PCALLOCATION (PCID,PCROLE,LOCATIONID) values (422996,'Student',110071);
Insert into PCALLOCATION (PCID,PCROLE,LOCATIONID) values (387827,'Student',110071);
Insert into PCALLOCATION (PCID,PCROLE,LOCATIONID) values (404853,'Student',110072);
Insert into PCALLOCATION (PCID,PCROLE,LOCATIONID) values (376516,'Student',110072);
Insert into PCALLOCATION (PCID,PCROLE,LOCATIONID) values (509067,'Student',110072);
Insert into PCALLOCATION (PCID,PCROLE,LOCATIONID) values (617087,'Student',110073);
Insert into PCALLOCATION (PCID,PCROLE,LOCATIONID) values (542040,'Student',110073);
Insert into PCALLOCATION (PCID,PCROLE,LOCATIONID) values (571561,'Student',110073);
Insert into PCALLOCATION (PCID,PCROLE,LOCATIONID) values (458369,'Student',110073);
Insert into PCALLOCATION (PCID,PCROLE,LOCATIONID) values (536243,'Student',110074);
Insert into PCALLOCATION (PCID,PCROLE,LOCATIONID) values (422280,'Student',110074);
Insert into PCALLOCATION (PCID,PCROLE,LOCATIONID) values (483992,'Student',110075);
Insert into PCALLOCATION (PCID,PCROLE,LOCATIONID) values (591917,'Student',110075);
Insert into PCALLOCATION (PCID,PCROLE,LOCATIONID) values (624117,'Student',110076);
Insert into PCALLOCATION (PCID,PCROLE,LOCATIONID) values (502061,'Student',110076);
Insert into PCALLOCATION (PCID,PCROLE,LOCATIONID) values (431896,'Student',110076);
Insert into PCALLOCATION (PCID,PCROLE,LOCATIONID) values (490294,'Student',110077);
Insert into PCALLOCATION (PCID,PCROLE,LOCATIONID) values (510322,'Student',110077);
Insert into PCALLOCATION (PCID,PCROLE,LOCATIONID) values (389507,'Student',110077);
Insert into PCALLOCATION (PCID,PCROLE,LOCATIONID) values (402019,'Student',110096);
Insert into PCALLOCATION (PCID,PCROLE,LOCATIONID) values (478312,'Student',110096);
Insert into PCALLOCATION (PCID,PCROLE,LOCATIONID) values (345110,'Student',110096);
Insert into PCALLOCATION (PCID,PCROLE,LOCATIONID) values (458842,'Student',110097);
Insert into PCALLOCATION (PCID,PCROLE,LOCATIONID) values (381827,'Student',110097);
Insert into PCALLOCATION (PCID,PCROLE,LOCATIONID) values (378917,'Student',110097);
Insert into PCALLOCATION (PCID,PCROLE,LOCATIONID) values (532083,'Student',110098);
Insert into PCALLOCATION (PCID,PCROLE,LOCATIONID) values (608500,'Student',110098);
Insert into PCALLOCATION (PCID,PCROLE,LOCATIONID) values (356610,'Student',110098);
Insert into PCALLOCATION (PCID,PCROLE,LOCATIONID) values (518395,'Student',110099);
Insert into PCALLOCATION (PCID,PCROLE,LOCATIONID) values (595583,'Student',110099);
Insert into PCALLOCATION (PCID,PCROLE,LOCATIONID) values (406429,'Student',110100);
Insert into PCALLOCATION (PCID,PCROLE,LOCATIONID) values (463462,'Student',110100);
Insert into PCALLOCATION (PCID,PCROLE,LOCATIONID) values (398625,'Student',110100);
Insert into PCALLOCATION (PCID,PCROLE,LOCATIONID) values (447308,'Student',110101);
Insert into PCALLOCATION (PCID,PCROLE,LOCATIONID) values (592848,'Student',110101);
Insert into PCALLOCATION (PCID,PCROLE,LOCATIONID) values (371365,'Student',110101);
Insert into PCALLOCATION (PCID,PCROLE,LOCATIONID) values (346322,'Student',110102);
Insert into PCALLOCATION (PCID,PCROLE,LOCATIONID) values (379169,'Student',110102);
Insert into PCALLOCATION (PCID,PCROLE,LOCATIONID) values (540759,'Student',110102);
Insert into PCALLOCATION (PCID,PCROLE,LOCATIONID) values (420705,'Student',110122);
Insert into PCALLOCATION (PCID,PCROLE,LOCATIONID) values (384123,'Student',110122);
Insert into PCALLOCATION (PCID,PCROLE,LOCATIONID) values (508885,'Student',110122);
Insert into PCALLOCATION (PCID,PCROLE,LOCATIONID) values (617125,'Student',110123);
Insert into PCALLOCATION (PCID,PCROLE,LOCATIONID) values (437136,'Student',110123);
Insert into PCALLOCATION (PCID,PCROLE,LOCATIONID) values (497355,'Student',110124);
Insert into PCALLOCATION (PCID,PCROLE,LOCATIONID) values (458801,'Student',110124);
Insert into PCALLOCATION (PCID,PCROLE,LOCATIONID) values (439437,'Student',110124);
Insert into PCALLOCATION (PCID,PCROLE,LOCATIONID) values (590223,'Student',110125);
Insert into PCALLOCATION (PCID,PCROLE,LOCATIONID) values (623834,'Student',110125);
Insert into PCALLOCATION (PCID,PCROLE,LOCATIONID) values (490389,'Office',110005);
Insert into PCALLOCATION (PCID,PCROLE,LOCATIONID) values (547014,'Office',110005);
Insert into PCALLOCATION (PCID,PCROLE,LOCATIONID) values (439015,'Office',110005);
Insert into PCALLOCATION (PCID,PCROLE,LOCATIONID) values (468617,'Office',110044);
Insert into PCALLOCATION (PCID,PCROLE,LOCATIONID) values (485288,'Office',110044);
Insert into PCALLOCATION (PCID,PCROLE,LOCATIONID) values (476730,'Office',110044);
Insert into PCALLOCATION (PCID,PCROLE,LOCATIONID) values (358407,'Office',110044);
Insert into PCALLOCATION (PCID,PCROLE,LOCATIONID) values (387933,'Office',110084);
Insert into PCALLOCATION (PCID,PCROLE,LOCATIONID) values (566256,'Office',110084);
Insert into PCALLOCATION (PCID,PCROLE,LOCATIONID) values (598755,'Office',110084);
Insert into PCALLOCATION (PCID,PCROLE,LOCATIONID) values (555879,'Office',110084);
Insert into PCALLOCATION (PCID,PCROLE,LOCATIONID) values (583370,'Office',110084);
Insert into PCALLOCATION (PCID,PCROLE,LOCATIONID) values (429881,'Office',110084);
Insert into PCALLOCATION (PCID,PCROLE,LOCATIONID) values (605083,'Office',110084);
Insert into PCALLOCATION (PCID,PCROLE,LOCATIONID) values (530290,'Office',110084);
Insert into PCALLOCATION (PCID,PCROLE,LOCATIONID) values (479649,'Office',110084);
Insert into PCALLOCATION (PCID,PCROLE,LOCATIONID) values (575452,'Office',110084);
Insert into PCALLOCATION (PCID,PCROLE,LOCATIONID) values (522321,'Office',110094);
Insert into PCALLOCATION (PCID,PCROLE,LOCATIONID) values (448299,'Student',110026);
Insert into PCALLOCATION (PCID,PCROLE,LOCATIONID) values (394825,'Student',110026);
Insert into PCALLOCATION (PCID,PCROLE,LOCATIONID) values (610778,'Student',110026);
Insert into PCALLOCATION (PCID,PCROLE,LOCATIONID) values (606508,'Student',110026);
Insert into PCALLOCATION (PCID,PCROLE,LOCATIONID) values (599766,'Student',110026);
Insert into PCALLOCATION (PCID,PCROLE,LOCATIONID) values (423077,'Student',110026);
Insert into PCALLOCATION (PCID,PCROLE,LOCATIONID) values (446753,'Student',110026);
Insert into PCALLOCATION (PCID,PCROLE,LOCATIONID) values (505685,'Student',110026);
Insert into PCALLOCATION (PCID,PCROLE,LOCATIONID) values (612852,'Student',110026);
Insert into PCALLOCATION (PCID,PCROLE,LOCATIONID) values (609076,'Student',110027);
Insert into PCALLOCATION (PCID,PCROLE,LOCATIONID) values (412923,'Student',110027);
Insert into PCALLOCATION (PCID,PCROLE,LOCATIONID) values (548448,'Student',110027);
Insert into PCALLOCATION (PCID,PCROLE,LOCATIONID) values (575690,'Student',110027);
Insert into PCALLOCATION (PCID,PCROLE,LOCATIONID) values (410565,'Student',110027);
Insert into PCALLOCATION (PCID,PCROLE,LOCATIONID) values (410983,'Student',110027);
Insert into PCALLOCATION (PCID,PCROLE,LOCATIONID) values (501639,'Student',110027);
Insert into PCALLOCATION (PCID,PCROLE,LOCATIONID) values (562723,'Student',110027);
Insert into PCALLOCATION (PCID,PCROLE,LOCATIONID) values (419323,'Student',110027);
Insert into PCALLOCATION (PCID,PCROLE,LOCATIONID) values (624311,'Student',110028);
Insert into PCALLOCATION (PCID,PCROLE,LOCATIONID) values (555859,'Student',110028);
Insert into PCALLOCATION (PCID,PCROLE,LOCATIONID) values (482567,'Student',110028);
Insert into PCALLOCATION (PCID,PCROLE,LOCATIONID) values (584618,'Student',110028);
Insert into PCALLOCATION (PCID,PCROLE,LOCATIONID) values (486503,'Student',110028);
Insert into PCALLOCATION (PCID,PCROLE,LOCATIONID) values (470310,'Student',110028);
Insert into PCALLOCATION (PCID,PCROLE,LOCATIONID) values (403054,'Student',110028);
Insert into PCALLOCATION (PCID,PCROLE,LOCATIONID) values (437920,'Student',110028);
Insert into PCALLOCATION (PCID,PCROLE,LOCATIONID) values (582848,'Student',110028);
Insert into PCALLOCATION (PCID,PCROLE,LOCATIONID) values (468456,'Student',110071);
Insert into PCALLOCATION (PCID,PCROLE,LOCATIONID) values (521466,'Student',110071);
Insert into PCALLOCATION (PCID,PCROLE,LOCATIONID) values (549250,'Student',110071);
Insert into PCALLOCATION (PCID,PCROLE,LOCATIONID) values (442809,'Student',110071);
Insert into PCALLOCATION (PCID,PCROLE,LOCATIONID) values (577631,'Student',110071);
Insert into PCALLOCATION (PCID,PCROLE,LOCATIONID) values (353763,'Student',110071);
Insert into PCALLOCATION (PCID,PCROLE,LOCATIONID) values (432530,'Student',110071);
Insert into PCALLOCATION (PCID,PCROLE,LOCATIONID) values (354940,'Student',110071);
Insert into PCALLOCATION (PCID,PCROLE,LOCATIONID) values (422461,'Student',110071);
Insert into PCALLOCATION (PCID,PCROLE,LOCATIONID) values (399526,'Student',110071);
Insert into PCALLOCATION (PCID,PCROLE,LOCATIONID) values (532496,'Student',110071);
Insert into PCALLOCATION (PCID,PCROLE,LOCATIONID) values (553490,'Student',110071);
Insert into PCALLOCATION (PCID,PCROLE,LOCATIONID) values (407927,'Student',110071);
Insert into PCALLOCATION (PCID,PCROLE,LOCATIONID) values (620469,'Student',110071);
Insert into PCALLOCATION (PCID,PCROLE,LOCATIONID) values (499166,'Student',110071);
Insert into PCALLOCATION (PCID,PCROLE,LOCATIONID) values (598668,'Student',110071);
Insert into PCALLOCATION (PCID,PCROLE,LOCATIONID) values (523466,'Student',110071);
Insert into PCALLOCATION (PCID,PCROLE,LOCATIONID) values (370388,'Student',110071);
Insert into PCALLOCATION (PCID,PCROLE,LOCATIONID) values (397244,'Student',110071);
Insert into PCALLOCATION (PCID,PCROLE,LOCATIONID) values (436896,'Student',110071);
Insert into PCALLOCATION (PCID,PCROLE,LOCATIONID) values (609296,'Student',110071);
Insert into PCALLOCATION (PCID,PCROLE,LOCATIONID) values (450836,'Student',110071);
Insert into PCALLOCATION (PCID,PCROLE,LOCATIONID) values (454266,'Student',110071);
Insert into PCALLOCATION (PCID,PCROLE,LOCATIONID) values (477936,'Student',110071);
Insert into PCALLOCATION (PCID,PCROLE,LOCATIONID) values (421421,'Student',110071);
Insert into PCALLOCATION (PCID,PCROLE,LOCATIONID) values (596080,'Student',110071);
Insert into PCALLOCATION (PCID,PCROLE,LOCATIONID) values (597350,'Student',110071);
Insert into PCALLOCATION (PCID,PCROLE,LOCATIONID) values (587476,'Student',110072);
Insert into PCALLOCATION (PCID,PCROLE,LOCATIONID) values (538442,'Student',110072);
Insert into PCALLOCATION (PCID,PCROLE,LOCATIONID) values (454629,'Student',110072);
Insert into PCALLOCATION (PCID,PCROLE,LOCATIONID) values (573748,'Student',110072);
Insert into PCALLOCATION (PCID,PCROLE,LOCATIONID) values (552733,'Student',110072);
Insert into PCALLOCATION (PCID,PCROLE,LOCATIONID) values (612749,'Student',110072);
Insert into PCALLOCATION (PCID,PCROLE,LOCATIONID) values (474293,'Student',110072);
Insert into PCALLOCATION (PCID,PCROLE,LOCATIONID) values (361854,'Student',110072);
Insert into PCALLOCATION (PCID,PCROLE,LOCATIONID) values (447703,'Student',110072);
Insert into PCALLOCATION (PCID,PCROLE,LOCATIONID) values (609583,'Student',110072);
Insert into PCALLOCATION (PCID,PCROLE,LOCATIONID) values (434855,'Student',110072);
Insert into PCALLOCATION (PCID,PCROLE,LOCATIONID) values (513325,'Student',110072);
Insert into PCALLOCATION (PCID,PCROLE,LOCATIONID) values (371969,'Student',110072);
Insert into PCALLOCATION (PCID,PCROLE,LOCATIONID) values (567756,'Student',110072);
Insert into PCALLOCATION (PCID,PCROLE,LOCATIONID) values (401951,'Student',110072);
Insert into PCALLOCATION (PCID,PCROLE,LOCATIONID) values (507068,'Student',110072);
Insert into PCALLOCATION (PCID,PCROLE,LOCATIONID) values (490938,'Student',110072);
Insert into PCALLOCATION (PCID,PCROLE,LOCATIONID) values (605004,'Student',110072);
Insert into PCALLOCATION (PCID,PCROLE,LOCATIONID) values (408779,'Student',110072);
Insert into PCALLOCATION (PCID,PCROLE,LOCATIONID) values (516874,'Student',110072);
Insert into PCALLOCATION (PCID,PCROLE,LOCATIONID) values (360159,'Student',110072);
Insert into PCALLOCATION (PCID,PCROLE,LOCATIONID) values (562207,'Student',110072);
Insert into PCALLOCATION (PCID,PCROLE,LOCATIONID) values (456160,'Student',110072);
Insert into PCALLOCATION (PCID,PCROLE,LOCATIONID) values (559586,'Student',110072);
Insert into PCALLOCATION (PCID,PCROLE,LOCATIONID) values (377585,'Student',110072);
Insert into PCALLOCATION (PCID,PCROLE,LOCATIONID) values (617100,'Student',110072);
Insert into PCALLOCATION (PCID,PCROLE,LOCATIONID) values (460065,'Student',110072);
Insert into PCALLOCATION (PCID,PCROLE,LOCATIONID) values (493898,'Student',110073);
Insert into PCALLOCATION (PCID,PCROLE,LOCATIONID) values (487589,'Student',110073);
Insert into PCALLOCATION (PCID,PCROLE,LOCATIONID) values (447575,'Student',110073);
Insert into PCALLOCATION (PCID,PCROLE,LOCATIONID) values (446266,'Student',110073);
Insert into PCALLOCATION (PCID,PCROLE,LOCATIONID) values (522440,'Student',110073);
Insert into PCALLOCATION (PCID,PCROLE,LOCATIONID) values (597154,'Student',110073);
Insert into PCALLOCATION (PCID,PCROLE,LOCATIONID) values (512802,'Student',110073);
Insert into PCALLOCATION (PCID,PCROLE,LOCATIONID) values (557989,'Student',110073);
Insert into PCALLOCATION (PCID,PCROLE,LOCATIONID) values (363072,'Student',110073);
Insert into PCALLOCATION (PCID,PCROLE,LOCATIONID) values (562432,'Student',110073);
Insert into PCALLOCATION (PCID,PCROLE,LOCATIONID) values (422247,'Student',110073);
Insert into PCALLOCATION (PCID,PCROLE,LOCATIONID) values (351510,'Student',110073);
Insert into PCALLOCATION (PCID,PCROLE,LOCATIONID) values (590877,'Student',110073);
Insert into PCALLOCATION (PCID,PCROLE,LOCATIONID) values (421703,'Student',110073);
Insert into PCALLOCATION (PCID,PCROLE,LOCATIONID) values (539643,'Student',110073);
Insert into PCALLOCATION (PCID,PCROLE,LOCATIONID) values (354550,'Student',110073);
Insert into PCALLOCATION (PCID,PCROLE,LOCATIONID) values (446005,'Student',110073);
Insert into PCALLOCATION (PCID,PCROLE,LOCATIONID) values (611870,'Student',110073);
Insert into PCALLOCATION (PCID,PCROLE,LOCATIONID) values (423842,'Student',110073);
Insert into PCALLOCATION (PCID,PCROLE,LOCATIONID) values (347698,'Student',110073);
Insert into PCALLOCATION (PCID,PCROLE,LOCATIONID) values (563315,'Student',110073);
Insert into PCALLOCATION (PCID,PCROLE,LOCATIONID) values (599736,'Student',110073);
Insert into PCALLOCATION (PCID,PCROLE,LOCATIONID) values (609873,'Student',110073);
Insert into PCALLOCATION (PCID,PCROLE,LOCATIONID) values (523514,'Student',110073);
Insert into PCALLOCATION (PCID,PCROLE,LOCATIONID) values (349236,'Student',110073);
Insert into PCALLOCATION (PCID,PCROLE,LOCATIONID) values (476918,'Student',110073);
Insert into PCALLOCATION (PCID,PCROLE,LOCATIONID) values (429475,'Student',110074);
Insert into PCALLOCATION (PCID,PCROLE,LOCATIONID) values (480689,'Student',110074);
Insert into PCALLOCATION (PCID,PCROLE,LOCATIONID) values (557441,'Student',110074);
Insert into PCALLOCATION (PCID,PCROLE,LOCATIONID) values (372686,'Student',110074);
Insert into PCALLOCATION (PCID,PCROLE,LOCATIONID) values (431121,'Student',110074);
Insert into PCALLOCATION (PCID,PCROLE,LOCATIONID) values (553231,'Student',110074);
Insert into PCALLOCATION (PCID,PCROLE,LOCATIONID) values (377641,'Student',110074);
Insert into PCALLOCATION (PCID,PCROLE,LOCATIONID) values (402564,'Student',110074);
Insert into PCALLOCATION (PCID,PCROLE,LOCATIONID) values (364095,'Student',110074);
Insert into PCALLOCATION (PCID,PCROLE,LOCATIONID) values (536319,'Student',110074);
Insert into PCALLOCATION (PCID,PCROLE,LOCATIONID) values (391376,'Student',110074);
Insert into PCALLOCATION (PCID,PCROLE,LOCATIONID) values (600130,'Student',110074);
Insert into PCALLOCATION (PCID,PCROLE,LOCATIONID) values (345790,'Student',110074);
Insert into PCALLOCATION (PCID,PCROLE,LOCATIONID) values (406926,'Student',110074);
Insert into PCALLOCATION (PCID,PCROLE,LOCATIONID) values (556425,'Student',110074);
Insert into PCALLOCATION (PCID,PCROLE,LOCATIONID) values (612560,'Student',110074);
Insert into PCALLOCATION (PCID,PCROLE,LOCATIONID) values (531892,'Student',110074);
Insert into PCALLOCATION (PCID,PCROLE,LOCATIONID) values (537781,'Student',110074);
Insert into PCALLOCATION (PCID,PCROLE,LOCATIONID) values (416962,'Student',110074);
Insert into PCALLOCATION (PCID,PCROLE,LOCATIONID) values (461772,'Student',110074);
Insert into PCALLOCATION (PCID,PCROLE,LOCATIONID) values (409229,'Student',110074);
Insert into PCALLOCATION (PCID,PCROLE,LOCATIONID) values (539005,'Student',110074);
Insert into PCALLOCATION (PCID,PCROLE,LOCATIONID) values (471769,'Student',110075);
Insert into PCALLOCATION (PCID,PCROLE,LOCATIONID) values (462440,'Student',110075);
Insert into PCALLOCATION (PCID,PCROLE,LOCATIONID) values (541598,'Student',110075);
Insert into PCALLOCATION (PCID,PCROLE,LOCATIONID) values (586378,'Student',110075);
Insert into PCALLOCATION (PCID,PCROLE,LOCATIONID) values (362590,'Student',110075);
Insert into PCALLOCATION (PCID,PCROLE,LOCATIONID) values (423935,'Student',110075);
Insert into PCALLOCATION (PCID,PCROLE,LOCATIONID) values (527521,'Student',110075);
Insert into PCALLOCATION (PCID,PCROLE,LOCATIONID) values (426592,'Student',110075);
Insert into PCALLOCATION (PCID,PCROLE,LOCATIONID) values (574721,'Student',110075);
Insert into PCALLOCATION (PCID,PCROLE,LOCATIONID) values (569172,'Student',110075);
Insert into PCALLOCATION (PCID,PCROLE,LOCATIONID) values (383290,'Student',110075);
Insert into PCALLOCATION (PCID,PCROLE,LOCATIONID) values (459814,'Student',110075);
Insert into PCALLOCATION (PCID,PCROLE,LOCATIONID) values (345094,'Student',110075);
Insert into PCALLOCATION (PCID,PCROLE,LOCATIONID) values (426283,'Student',110075);
Insert into PCALLOCATION (PCID,PCROLE,LOCATIONID) values (509535,'Student',110075);
Insert into PCALLOCATION (PCID,PCROLE,LOCATIONID) values (539410,'Student',110075);
Insert into PCALLOCATION (PCID,PCROLE,LOCATIONID) values (584343,'Student',110075);
Insert into PCALLOCATION (PCID,PCROLE,LOCATIONID) values (562311,'Student',110075);
Insert into PCALLOCATION (PCID,PCROLE,LOCATIONID) values (430784,'Student',110075);
Insert into PCALLOCATION (PCID,PCROLE,LOCATIONID) values (574058,'Student',110075);
Insert into PCALLOCATION (PCID,PCROLE,LOCATIONID) values (602455,'Student',110075);
Insert into PCALLOCATION (PCID,PCROLE,LOCATIONID) values (549555,'Student',110075);
Insert into PCALLOCATION (PCID,PCROLE,LOCATIONID) values (490130,'Student',110076);
Insert into PCALLOCATION (PCID,PCROLE,LOCATIONID) values (570019,'Student',110076);
Insert into PCALLOCATION (PCID,PCROLE,LOCATIONID) values (556391,'Student',110076);
Insert into PCALLOCATION (PCID,PCROLE,LOCATIONID) values (580641,'Student',110076);
Insert into PCALLOCATION (PCID,PCROLE,LOCATIONID) values (382251,'Student',110076);
Insert into PCALLOCATION (PCID,PCROLE,LOCATIONID) values (577485,'Student',110076);
Insert into PCALLOCATION (PCID,PCROLE,LOCATIONID) values (402332,'Student',110076);
Insert into PCALLOCATION (PCID,PCROLE,LOCATIONID) values (380054,'Student',110076);
Insert into PCALLOCATION (PCID,PCROLE,LOCATIONID) values (481646,'Student',110076);
Insert into PCALLOCATION (PCID,PCROLE,LOCATIONID) values (563345,'Student',110076);
Insert into PCALLOCATION (PCID,PCROLE,LOCATIONID) values (578936,'Student',110076);
Insert into PCALLOCATION (PCID,PCROLE,LOCATIONID) values (451617,'Student',110076);
Insert into PCALLOCATION (PCID,PCROLE,LOCATIONID) values (435559,'Student',110076);
Insert into PCALLOCATION (PCID,PCROLE,LOCATIONID) values (506952,'Student',110076);
Insert into PCALLOCATION (PCID,PCROLE,LOCATIONID) values (449181,'Student',110076);
Insert into PCALLOCATION (PCID,PCROLE,LOCATIONID) values (345470,'Student',110076);
Insert into PCALLOCATION (PCID,PCROLE,LOCATIONID) values (408487,'Student',110076);
Insert into PCALLOCATION (PCID,PCROLE,LOCATIONID) values (608732,'Student',110076);
Insert into PCALLOCATION (PCID,PCROLE,LOCATIONID) values (418480,'Student',110076);
Insert into PCALLOCATION (PCID,PCROLE,LOCATIONID) values (582945,'Student',110076);
Insert into PCALLOCATION (PCID,PCROLE,LOCATIONID) values (584933,'Student',110076);
Insert into PCALLOCATION (PCID,PCROLE,LOCATIONID) values (500646,'Student',110076);
Insert into PCALLOCATION (PCID,PCROLE,LOCATIONID) values (363103,'Student',110076);
Insert into PCALLOCATION (PCID,PCROLE,LOCATIONID) values (468285,'Student',110076);
Insert into PCALLOCATION (PCID,PCROLE,LOCATIONID) values (373007,'Student',110077);
Insert into PCALLOCATION (PCID,PCROLE,LOCATIONID) values (360393,'Student',110077);
Insert into PCALLOCATION (PCID,PCROLE,LOCATIONID) values (463509,'Student',110077);
Insert into PCALLOCATION (PCID,PCROLE,LOCATIONID) values (555732,'Student',110077);
Insert into PCALLOCATION (PCID,PCROLE,LOCATIONID) values (360512,'Student',110077);
Insert into PCALLOCATION (PCID,PCROLE,LOCATIONID) values (501386,'Student',110077);
Insert into PCALLOCATION (PCID,PCROLE,LOCATIONID) values (397370,'Student',110077);
Insert into PCALLOCATION (PCID,PCROLE,LOCATIONID) values (503081,'Student',110077);
Insert into PCALLOCATION (PCID,PCROLE,LOCATIONID) values (375592,'Student',110077);
Insert into PCALLOCATION (PCID,PCROLE,LOCATIONID) values (546029,'Student',110077);
Insert into PCALLOCATION (PCID,PCROLE,LOCATIONID) values (428397,'Student',110077);
Insert into PCALLOCATION (PCID,PCROLE,LOCATIONID) values (364931,'Student',110077);
Insert into PCALLOCATION (PCID,PCROLE,LOCATIONID) values (603392,'Student',110077);
Insert into PCALLOCATION (PCID,PCROLE,LOCATIONID) values (349175,'Student',110077);
Insert into PCALLOCATION (PCID,PCROLE,LOCATIONID) values (406668,'Student',110077);
Insert into PCALLOCATION (PCID,PCROLE,LOCATIONID) values (420960,'Student',110077);
Insert into PCALLOCATION (PCID,PCROLE,LOCATIONID) values (470566,'Student',110077);
Insert into PCALLOCATION (PCID,PCROLE,LOCATIONID) values (532346,'Student',110077);
Insert into PCALLOCATION (PCID,PCROLE,LOCATIONID) values (464400,'Student',110077);
Insert into PCALLOCATION (PCID,PCROLE,LOCATIONID) values (360059,'Student',110077);
Insert into PCALLOCATION (PCID,PCROLE,LOCATIONID) values (407183,'Student',110077);
Insert into PCALLOCATION (PCID,PCROLE,LOCATIONID) values (593298,'Student',110077);
Insert into PCALLOCATION (PCID,PCROLE,LOCATIONID) values (580526,'Student',110077);
Insert into PCALLOCATION (PCID,PCROLE,LOCATIONID) values (489350,'Student',110077);
Insert into PCALLOCATION (PCID,PCROLE,LOCATIONID) values (426925,'Student',110077);
Insert into PCALLOCATION (PCID,PCROLE,LOCATIONID) values (431522,'Student',110077);
Insert into PCALLOCATION (PCID,PCROLE,LOCATIONID) values (351125,'Student',110077);
Insert into PCALLOCATION (PCID,PCROLE,LOCATIONID) values (412195,'Student',110096);
Insert into PCALLOCATION (PCID,PCROLE,LOCATIONID) values (438234,'Student',110096);
Insert into PCALLOCATION (PCID,PCROLE,LOCATIONID) values (408064,'Student',110096);
Insert into PCALLOCATION (PCID,PCROLE,LOCATIONID) values (476265,'Student',110096);
Insert into PCALLOCATION (PCID,PCROLE,LOCATIONID) values (355699,'Student',110096);
Insert into PCALLOCATION (PCID,PCROLE,LOCATIONID) values (562832,'Student',110096);
Insert into PCALLOCATION (PCID,PCROLE,LOCATIONID) values (552259,'Student',110096);
Insert into PCALLOCATION (PCID,PCROLE,LOCATIONID) values (515933,'Student',110096);
Insert into PCALLOCATION (PCID,PCROLE,LOCATIONID) values (577956,'Student',110096);
Insert into PCALLOCATION (PCID,PCROLE,LOCATIONID) values (518320,'Student',110096);
Insert into PCALLOCATION (PCID,PCROLE,LOCATIONID) values (348177,'Student',110096);
Insert into PCALLOCATION (PCID,PCROLE,LOCATIONID) values (434184,'Student',110096);
Insert into PCALLOCATION (PCID,PCROLE,LOCATIONID) values (575530,'Student',110096);
Insert into PCALLOCATION (PCID,PCROLE,LOCATIONID) values (347210,'Student',110096);
Insert into PCALLOCATION (PCID,PCROLE,LOCATIONID) values (581542,'Student',110096);
Insert into PCALLOCATION (PCID,PCROLE,LOCATIONID) values (430010,'Student',110096);
Insert into PCALLOCATION (PCID,PCROLE,LOCATIONID) values (593915,'Student',110096);
Insert into PCALLOCATION (PCID,PCROLE,LOCATIONID) values (518992,'Student',110096);
Insert into PCALLOCATION (PCID,PCROLE,LOCATIONID) values (378601,'Student',110096);
Insert into PCALLOCATION (PCID,PCROLE,LOCATIONID) values (466523,'Student',110096);
Insert into PCALLOCATION (PCID,PCROLE,LOCATIONID) values (384577,'Student',110096);
Insert into PCALLOCATION (PCID,PCROLE,LOCATIONID) values (491708,'Student',110096);
Insert into PCALLOCATION (PCID,PCROLE,LOCATIONID) values (608367,'Student',110096);
Insert into PCALLOCATION (PCID,PCROLE,LOCATIONID) values (538617,'Student',110096);
Insert into PCALLOCATION (PCID,PCROLE,LOCATIONID) values (478402,'Student',110096);
Insert into PCALLOCATION (PCID,PCROLE,LOCATIONID) values (527258,'Student',110096);
Insert into PCALLOCATION (PCID,PCROLE,LOCATIONID) values (545373,'Student',110096);
Insert into PCALLOCATION (PCID,PCROLE,LOCATIONID) values (465511,'Student',110097);
Insert into PCALLOCATION (PCID,PCROLE,LOCATIONID) values (571033,'Student',110097);
Insert into PCALLOCATION (PCID,PCROLE,LOCATIONID) values (594254,'Student',110097);
Insert into PCALLOCATION (PCID,PCROLE,LOCATIONID) values (564974,'Student',110097);
Insert into PCALLOCATION (PCID,PCROLE,LOCATIONID) values (514878,'Student',110097);
Insert into PCALLOCATION (PCID,PCROLE,LOCATIONID) values (525043,'Student',110097);
Insert into PCALLOCATION (PCID,PCROLE,LOCATIONID) values (425719,'Student',110097);
Insert into PCALLOCATION (PCID,PCROLE,LOCATIONID) values (490649,'Student',110097);
Insert into PCALLOCATION (PCID,PCROLE,LOCATIONID) values (385005,'Student',110097);
Insert into PCALLOCATION (PCID,PCROLE,LOCATIONID) values (549006,'Student',110097);
Insert into PCALLOCATION (PCID,PCROLE,LOCATIONID) values (543361,'Student',110097);
Insert into PCALLOCATION (PCID,PCROLE,LOCATIONID) values (483331,'Student',110097);
Insert into PCALLOCATION (PCID,PCROLE,LOCATIONID) values (478774,'Student',110097);
Insert into PCALLOCATION (PCID,PCROLE,LOCATIONID) values (574990,'Student',110097);
Insert into PCALLOCATION (PCID,PCROLE,LOCATIONID) values (568083,'Student',110097);
Insert into PCALLOCATION (PCID,PCROLE,LOCATIONID) values (373654,'Student',110097);
Insert into PCALLOCATION (PCID,PCROLE,LOCATIONID) values (569966,'Student',110097);
Insert into PCALLOCATION (PCID,PCROLE,LOCATIONID) values (582221,'Student',110097);
Insert into PCALLOCATION (PCID,PCROLE,LOCATIONID) values (567479,'Student',110097);
Insert into PCALLOCATION (PCID,PCROLE,LOCATIONID) values (397431,'Student',110097);
Insert into PCALLOCATION (PCID,PCROLE,LOCATIONID) values (506080,'Student',110097);
Insert into PCALLOCATION (PCID,PCROLE,LOCATIONID) values (589034,'Student',110097);
Insert into PCALLOCATION (PCID,PCROLE,LOCATIONID) values (431175,'Student',110097);
Insert into PCALLOCATION (PCID,PCROLE,LOCATIONID) values (504430,'Student',110097);
Insert into PCALLOCATION (PCID,PCROLE,LOCATIONID) values (394265,'Student',110097);
Insert into PCALLOCATION (PCID,PCROLE,LOCATIONID) values (525718,'Student',110097);
Insert into PCALLOCATION (PCID,PCROLE,LOCATIONID) values (510754,'Student',110097);
Insert into PCALLOCATION (PCID,PCROLE,LOCATIONID) values (371285,'Student',110098);
Insert into PCALLOCATION (PCID,PCROLE,LOCATIONID) values (525021,'Student',110098);
Insert into PCALLOCATION (PCID,PCROLE,LOCATIONID) values (427695,'Student',110098);
Insert into PCALLOCATION (PCID,PCROLE,LOCATIONID) values (543316,'Student',110098);
Insert into PCALLOCATION (PCID,PCROLE,LOCATIONID) values (549012,'Student',110098);
Insert into PCALLOCATION (PCID,PCROLE,LOCATIONID) values (365839,'Student',110098);
Insert into PCALLOCATION (PCID,PCROLE,LOCATIONID) values (375250,'Student',110098);
Insert into PCALLOCATION (PCID,PCROLE,LOCATIONID) values (460988,'Student',110098);
Insert into PCALLOCATION (PCID,PCROLE,LOCATIONID) values (457264,'Student',110098);
Insert into PCALLOCATION (PCID,PCROLE,LOCATIONID) values (561722,'Student',110098);
Insert into PCALLOCATION (PCID,PCROLE,LOCATIONID) values (553862,'Student',110098);
Insert into PCALLOCATION (PCID,PCROLE,LOCATIONID) values (592413,'Student',110098);
Insert into PCALLOCATION (PCID,PCROLE,LOCATIONID) values (367926,'Student',110098);
Insert into PCALLOCATION (PCID,PCROLE,LOCATIONID) values (560390,'Student',110098);
Insert into PCALLOCATION (PCID,PCROLE,LOCATIONID) values (600538,'Student',110098);
Insert into PCALLOCATION (PCID,PCROLE,LOCATIONID) values (583960,'Student',110098);
Insert into PCALLOCATION (PCID,PCROLE,LOCATIONID) values (510571,'Student',110098);
Insert into PCALLOCATION (PCID,PCROLE,LOCATIONID) values (403812,'Student',110098);
Insert into PCALLOCATION (PCID,PCROLE,LOCATIONID) values (428655,'Student',110098);
Insert into PCALLOCATION (PCID,PCROLE,LOCATIONID) values (579957,'Student',110098);
Insert into PCALLOCATION (PCID,PCROLE,LOCATIONID) values (437755,'Student',110098);
Insert into PCALLOCATION (PCID,PCROLE,LOCATIONID) values (565910,'Student',110098);
Insert into PCALLOCATION (PCID,PCROLE,LOCATIONID) values (428356,'Student',110099);
Insert into PCALLOCATION (PCID,PCROLE,LOCATIONID) values (555061,'Student',110099);
Insert into PCALLOCATION (PCID,PCROLE,LOCATIONID) values (422222,'Student',110099);
Insert into PCALLOCATION (PCID,PCROLE,LOCATIONID) values (442954,'Student',110099);
Insert into PCALLOCATION (PCID,PCROLE,LOCATIONID) values (543278,'Student',110099);
Insert into PCALLOCATION (PCID,PCROLE,LOCATIONID) values (525682,'Student',110099);
Insert into PCALLOCATION (PCID,PCROLE,LOCATIONID) values (462266,'Student',110099);
Insert into PCALLOCATION (PCID,PCROLE,LOCATIONID) values (484832,'Student',110099);
Insert into PCALLOCATION (PCID,PCROLE,LOCATIONID) values (407088,'Student',110099);
Insert into PCALLOCATION (PCID,PCROLE,LOCATIONID) values (623271,'Student',110099);
Insert into PCALLOCATION (PCID,PCROLE,LOCATIONID) values (568362,'Student',110099);
Insert into PCALLOCATION (PCID,PCROLE,LOCATIONID) values (538302,'Student',110099);
Insert into PCALLOCATION (PCID,PCROLE,LOCATIONID) values (372520,'Student',110099);
Insert into PCALLOCATION (PCID,PCROLE,LOCATIONID) values (485325,'Student',110099);
Insert into PCALLOCATION (PCID,PCROLE,LOCATIONID) values (603283,'Student',110099);
Insert into PCALLOCATION (PCID,PCROLE,LOCATIONID) values (402946,'Student',110099);
Insert into PCALLOCATION (PCID,PCROLE,LOCATIONID) values (599370,'Student',110099);
Insert into PCALLOCATION (PCID,PCROLE,LOCATIONID) values (483659,'Student',110099);
Insert into PCALLOCATION (PCID,PCROLE,LOCATIONID) values (506093,'Student',110099);
Insert into PCALLOCATION (PCID,PCROLE,LOCATIONID) values (351390,'Student',110099);
Insert into PCALLOCATION (PCID,PCROLE,LOCATIONID) values (453351,'Student',110099);
Insert into PCALLOCATION (PCID,PCROLE,LOCATIONID) values (463231,'Student',110099);
Insert into PCALLOCATION (PCID,PCROLE,LOCATIONID) values (370484,'Student',110100);
Insert into PCALLOCATION (PCID,PCROLE,LOCATIONID) values (407893,'Student',110100);
Insert into PCALLOCATION (PCID,PCROLE,LOCATIONID) values (528364,'Student',110100);
Insert into PCALLOCATION (PCID,PCROLE,LOCATIONID) values (619079,'Student',110100);
Insert into PCALLOCATION (PCID,PCROLE,LOCATIONID) values (623614,'Student',110100);
Insert into PCALLOCATION (PCID,PCROLE,LOCATIONID) values (431995,'Student',110100);
Insert into PCALLOCATION (PCID,PCROLE,LOCATIONID) values (569882,'Student',110100);
Insert into PCALLOCATION (PCID,PCROLE,LOCATIONID) values (357004,'Student',110100);
Insert into PCALLOCATION (PCID,PCROLE,LOCATIONID) values (544301,'Student',110100);
Insert into PCALLOCATION (PCID,PCROLE,LOCATIONID) values (612127,'Student',110100);
Insert into PCALLOCATION (PCID,PCROLE,LOCATIONID) values (514410,'Student',110100);
Insert into PCALLOCATION (PCID,PCROLE,LOCATIONID) values (472426,'Student',110100);
Insert into PCALLOCATION (PCID,PCROLE,LOCATIONID) values (583490,'Student',110100);
Insert into PCALLOCATION (PCID,PCROLE,LOCATIONID) values (385235,'Student',110100);
Insert into PCALLOCATION (PCID,PCROLE,LOCATIONID) values (462504,'Student',110100);
Insert into PCALLOCATION (PCID,PCROLE,LOCATIONID) values (528382,'Student',110100);
Insert into PCALLOCATION (PCID,PCROLE,LOCATIONID) values (433939,'Student',110100);
Insert into PCALLOCATION (PCID,PCROLE,LOCATIONID) values (453139,'Student',110100);
Insert into PCALLOCATION (PCID,PCROLE,LOCATIONID) values (347532,'Student',110100);
Insert into PCALLOCATION (PCID,PCROLE,LOCATIONID) values (429327,'Student',110100);
Insert into PCALLOCATION (PCID,PCROLE,LOCATIONID) values (619807,'Student',110100);
Insert into PCALLOCATION (PCID,PCROLE,LOCATIONID) values (525944,'Student',110100);
Insert into PCALLOCATION (PCID,PCROLE,LOCATIONID) values (409238,'Student',110100);
Insert into PCALLOCATION (PCID,PCROLE,LOCATIONID) values (561610,'Student',110100);
Insert into PCALLOCATION (PCID,PCROLE,LOCATIONID) values (387456,'Student',110101);
Insert into PCALLOCATION (PCID,PCROLE,LOCATIONID) values (515358,'Student',110101);
Insert into PCALLOCATION (PCID,PCROLE,LOCATIONID) values (381666,'Student',110101);
Insert into PCALLOCATION (PCID,PCROLE,LOCATIONID) values (550718,'Student',110101);
Insert into PCALLOCATION (PCID,PCROLE,LOCATIONID) values (442371,'Student',110101);
Insert into PCALLOCATION (PCID,PCROLE,LOCATIONID) values (483380,'Student',110101);
Insert into PCALLOCATION (PCID,PCROLE,LOCATIONID) values (388168,'Student',110101);
Insert into PCALLOCATION (PCID,PCROLE,LOCATIONID) values (504402,'Student',110101);
Insert into PCALLOCATION (PCID,PCROLE,LOCATIONID) values (585669,'Student',110101);
Insert into PCALLOCATION (PCID,PCROLE,LOCATIONID) values (584041,'Student',110101);
Insert into PCALLOCATION (PCID,PCROLE,LOCATIONID) values (411952,'Student',110101);
Insert into PCALLOCATION (PCID,PCROLE,LOCATIONID) values (363677,'Student',110101);
Insert into PCALLOCATION (PCID,PCROLE,LOCATIONID) values (353903,'Student',110101);
Insert into PCALLOCATION (PCID,PCROLE,LOCATIONID) values (522575,'Student',110101);
Insert into PCALLOCATION (PCID,PCROLE,LOCATIONID) values (436867,'Student',110101);
Insert into PCALLOCATION (PCID,PCROLE,LOCATIONID) values (429336,'Student',110101);
Insert into PCALLOCATION (PCID,PCROLE,LOCATIONID) values (593389,'Student',110101);
Insert into PCALLOCATION (PCID,PCROLE,LOCATIONID) values (433701,'Student',110101);
Insert into PCALLOCATION (PCID,PCROLE,LOCATIONID) values (405199,'Student',110101);
Insert into PCALLOCATION (PCID,PCROLE,LOCATIONID) values (515911,'Student',110101);
Insert into PCALLOCATION (PCID,PCROLE,LOCATIONID) values (372618,'Student',110101);
Insert into PCALLOCATION (PCID,PCROLE,LOCATIONID) values (505928,'Student',110101);
Insert into PCALLOCATION (PCID,PCROLE,LOCATIONID) values (368388,'Student',110101);
Insert into PCALLOCATION (PCID,PCROLE,LOCATIONID) values (522338,'Student',110101);
Insert into PCALLOCATION (PCID,PCROLE,LOCATIONID) values (345960,'Student',110101);
Insert into PCALLOCATION (PCID,PCROLE,LOCATIONID) values (360912,'Student',110101);
Insert into PCALLOCATION (PCID,PCROLE,LOCATIONID) values (428784,'Student',110101);
Insert into PCALLOCATION (PCID,PCROLE,LOCATIONID) values (573729,'Student',110102);
Insert into PCALLOCATION (PCID,PCROLE,LOCATIONID) values (346745,'Student',110102);
Insert into PCALLOCATION (PCID,PCROLE,LOCATIONID) values (393505,'Student',110102);
Insert into PCALLOCATION (PCID,PCROLE,LOCATIONID) values (452946,'Student',110102);
Insert into PCALLOCATION (PCID,PCROLE,LOCATIONID) values (547443,'Student',110102);
Insert into PCALLOCATION (PCID,PCROLE,LOCATIONID) values (526377,'Student',110102);
Insert into PCALLOCATION (PCID,PCROLE,LOCATIONID) values (481732,'Student',110102);
Insert into PCALLOCATION (PCID,PCROLE,LOCATIONID) values (363167,'Student',110102);
Insert into PCALLOCATION (PCID,PCROLE,LOCATIONID) values (482385,'Student',110102);
Insert into PCALLOCATION (PCID,PCROLE,LOCATIONID) values (433633,'Student',110102);
Insert into PCALLOCATION (PCID,PCROLE,LOCATIONID) values (362565,'Student',110102);
Insert into PCALLOCATION (PCID,PCROLE,LOCATIONID) values (471534,'Student',110102);
Insert into PCALLOCATION (PCID,PCROLE,LOCATIONID) values (380588,'Student',110102);
Insert into PCALLOCATION (PCID,PCROLE,LOCATIONID) values (566797,'Student',110102);
Insert into PCALLOCATION (PCID,PCROLE,LOCATIONID) values (453232,'Student',110102);
Insert into PCALLOCATION (PCID,PCROLE,LOCATIONID) values (618157,'Student',110102);
Insert into PCALLOCATION (PCID,PCROLE,LOCATIONID) values (610152,'Student',110102);
Insert into PCALLOCATION (PCID,PCROLE,LOCATIONID) values (453594,'Student',110102);
Insert into PCALLOCATION (PCID,PCROLE,LOCATIONID) values (529349,'Student',110102);
Insert into PCALLOCATION (PCID,PCROLE,LOCATIONID) values (413069,'Student',110102);
Insert into PCALLOCATION (PCID,PCROLE,LOCATIONID) values (601816,'Student',110102);
Insert into PCALLOCATION (PCID,PCROLE,LOCATIONID) values (570380,'Student',110102);
Insert into PCALLOCATION (PCID,PCROLE,LOCATIONID) values (466693,'Student',110102);
Insert into PCALLOCATION (PCID,PCROLE,LOCATIONID) values (363433,'Student',110102);
Insert into PCALLOCATION (PCID,PCROLE,LOCATIONID) values (353218,'Student',110102);
Insert into PCALLOCATION (PCID,PCROLE,LOCATIONID) values (548306,'Student',110102);
Insert into PCALLOCATION (PCID,PCROLE,LOCATIONID) values (487053,'Student',110102);
Insert into PCALLOCATION (PCID,PCROLE,LOCATIONID) values (623655,'Student',110122);
Insert into PCALLOCATION (PCID,PCROLE,LOCATIONID) values (594645,'Student',110122);
Insert into PCALLOCATION (PCID,PCROLE,LOCATIONID) values (350887,'Student',110122);
Insert into PCALLOCATION (PCID,PCROLE,LOCATIONID) values (479745,'Student',110122);
Insert into PCALLOCATION (PCID,PCROLE,LOCATIONID) values (387704,'Student',110122);
Insert into PCALLOCATION (PCID,PCROLE,LOCATIONID) values (426196,'Student',110122);
Insert into PCALLOCATION (PCID,PCROLE,LOCATIONID) values (351753,'Student',110122);
Insert into PCALLOCATION (PCID,PCROLE,LOCATIONID) values (484436,'Student',110122);
Insert into PCALLOCATION (PCID,PCROLE,LOCATIONID) values (451381,'Student',110122);
Insert into PCALLOCATION (PCID,PCROLE,LOCATIONID) values (573274,'Student',110122);
Insert into PCALLOCATION (PCID,PCROLE,LOCATIONID) values (405179,'Student',110122);
Insert into PCALLOCATION (PCID,PCROLE,LOCATIONID) values (481212,'Student',110122);
Insert into PCALLOCATION (PCID,PCROLE,LOCATIONID) values (459428,'Student',110122);
Insert into PCALLOCATION (PCID,PCROLE,LOCATIONID) values (367874,'Student',110122);
Insert into PCALLOCATION (PCID,PCROLE,LOCATIONID) values (465232,'Student',110122);
Insert into PCALLOCATION (PCID,PCROLE,LOCATIONID) values (444165,'Student',110122);
Insert into PCALLOCATION (PCID,PCROLE,LOCATIONID) values (599388,'Student',110122);
Insert into PCALLOCATION (PCID,PCROLE,LOCATIONID) values (374195,'Student',110122);
Insert into PCALLOCATION (PCID,PCROLE,LOCATIONID) values (348357,'Student',110122);
Insert into PCALLOCATION (PCID,PCROLE,LOCATIONID) values (365502,'Student',110122);
Insert into PCALLOCATION (PCID,PCROLE,LOCATIONID) values (624061,'Student',110122);
Insert into PCALLOCATION (PCID,PCROLE,LOCATIONID) values (586209,'Student',110122);
Insert into PCALLOCATION (PCID,PCROLE,LOCATIONID) values (470461,'Student',110122);
Insert into PCALLOCATION (PCID,PCROLE,LOCATIONID) values (559103,'Student',110122);
Insert into PCALLOCATION (PCID,PCROLE,LOCATIONID) values (569637,'Student',110122);
Insert into PCALLOCATION (PCID,PCROLE,LOCATIONID) values (353925,'Student',110122);
Insert into PCALLOCATION (PCID,PCROLE,LOCATIONID) values (360404,'Student',110122);
Insert into PCALLOCATION (PCID,PCROLE,LOCATIONID) values (442765,'Student',110123);
Insert into PCALLOCATION (PCID,PCROLE,LOCATIONID) values (550211,'Student',110123);
Insert into PCALLOCATION (PCID,PCROLE,LOCATIONID) values (624549,'Student',110123);
Insert into PCALLOCATION (PCID,PCROLE,LOCATIONID) values (400519,'Student',110123);
Insert into PCALLOCATION (PCID,PCROLE,LOCATIONID) values (436758,'Student',110123);
Insert into PCALLOCATION (PCID,PCROLE,LOCATIONID) values (418652,'Student',110123);
Insert into PCALLOCATION (PCID,PCROLE,LOCATIONID) values (611295,'Student',110123);
Insert into PCALLOCATION (PCID,PCROLE,LOCATIONID) values (609748,'Student',110123);
Insert into PCALLOCATION (PCID,PCROLE,LOCATIONID) values (401107,'Student',110123);
Insert into PCALLOCATION (PCID,PCROLE,LOCATIONID) values (374119,'Student',110123);
Insert into PCALLOCATION (PCID,PCROLE,LOCATIONID) values (380818,'Student',110123);
Insert into PCALLOCATION (PCID,PCROLE,LOCATIONID) values (368608,'Student',110123);
Insert into PCALLOCATION (PCID,PCROLE,LOCATIONID) values (565459,'Student',110123);
Insert into PCALLOCATION (PCID,PCROLE,LOCATIONID) values (365874,'Student',110123);
Insert into PCALLOCATION (PCID,PCROLE,LOCATIONID) values (421789,'Student',110123);
Insert into PCALLOCATION (PCID,PCROLE,LOCATIONID) values (619970,'Student',110123);
Insert into PCALLOCATION (PCID,PCROLE,LOCATIONID) values (519863,'Student',110123);
Insert into PCALLOCATION (PCID,PCROLE,LOCATIONID) values (422829,'Student',110123);
Insert into PCALLOCATION (PCID,PCROLE,LOCATIONID) values (604842,'Student',110123);
Insert into PCALLOCATION (PCID,PCROLE,LOCATIONID) values (405840,'Student',110123);
Insert into PCALLOCATION (PCID,PCROLE,LOCATIONID) values (426553,'Student',110123);
Insert into PCALLOCATION (PCID,PCROLE,LOCATIONID) values (511013,'Student',110123);
Insert into PCALLOCATION (PCID,PCROLE,LOCATIONID) values (601125,'Student',110123);
Insert into PCALLOCATION (PCID,PCROLE,LOCATIONID) values (601939,'Student',110123);
Insert into PCALLOCATION (PCID,PCROLE,LOCATIONID) values (432442,'Student',110123);
Insert into PCALLOCATION (PCID,PCROLE,LOCATIONID) values (522759,'Student',110124);
Insert into PCALLOCATION (PCID,PCROLE,LOCATIONID) values (408969,'Student',110124);
Insert into PCALLOCATION (PCID,PCROLE,LOCATIONID) values (594720,'Student',110124);
Insert into PCALLOCATION (PCID,PCROLE,LOCATIONID) values (581432,'Student',110124);
Insert into PCALLOCATION (PCID,PCROLE,LOCATIONID) values (568580,'Student',110124);
Insert into PCALLOCATION (PCID,PCROLE,LOCATIONID) values (442810,'Student',110124);
Insert into PCALLOCATION (PCID,PCROLE,LOCATIONID) values (507185,'Student',110124);
Insert into PCALLOCATION (PCID,PCROLE,LOCATIONID) values (351958,'Student',110124);
Insert into PCALLOCATION (PCID,PCROLE,LOCATIONID) values (549908,'Student',110124);
Insert into PCALLOCATION (PCID,PCROLE,LOCATIONID) values (526414,'Student',110124);
Insert into PCALLOCATION (PCID,PCROLE,LOCATIONID) values (593297,'Student',110124);
Insert into PCALLOCATION (PCID,PCROLE,LOCATIONID) values (529057,'Student',110124);
Insert into PCALLOCATION (PCID,PCROLE,LOCATIONID) values (437182,'Student',110124);
Insert into PCALLOCATION (PCID,PCROLE,LOCATIONID) values (427219,'Student',110124);
Insert into PCALLOCATION (PCID,PCROLE,LOCATIONID) values (500563,'Student',110124);
Insert into PCALLOCATION (PCID,PCROLE,LOCATIONID) values (408112,'Student',110124);
Insert into PCALLOCATION (PCID,PCROLE,LOCATIONID) values (451916,'Student',110124);
Insert into PCALLOCATION (PCID,PCROLE,LOCATIONID) values (571762,'Student',110124);
Insert into PCALLOCATION (PCID,PCROLE,LOCATIONID) values (605262,'Student',110124);
Insert into PCALLOCATION (PCID,PCROLE,LOCATIONID) values (370136,'Student',110124);
Insert into PCALLOCATION (PCID,PCROLE,LOCATIONID) values (576544,'Student',110124);
Insert into PCALLOCATION (PCID,PCROLE,LOCATIONID) values (345608,'Student',110125);
Insert into PCALLOCATION (PCID,PCROLE,LOCATIONID) values (577618,'Student',110125);
Insert into PCALLOCATION (PCID,PCROLE,LOCATIONID) values (573149,'Student',110125);
Insert into PCALLOCATION (PCID,PCROLE,LOCATIONID) values (537932,'Student',110125);
Insert into PCALLOCATION (PCID,PCROLE,LOCATIONID) values (463625,'Student',110125);
Insert into PCALLOCATION (PCID,PCROLE,LOCATIONID) values (365098,'Student',110125);
Insert into PCALLOCATION (PCID,PCROLE,LOCATIONID) values (613444,'Student',110125);
Insert into PCALLOCATION (PCID,PCROLE,LOCATIONID) values (584506,'Student',110125);
Insert into PCALLOCATION (PCID,PCROLE,LOCATIONID) values (389448,'Student',110125);
Insert into PCALLOCATION (PCID,PCROLE,LOCATIONID) values (425288,'Student',110125);
Insert into PCALLOCATION (PCID,PCROLE,LOCATIONID) values (467908,'Student',110125);
Insert into PCALLOCATION (PCID,PCROLE,LOCATIONID) values (541140,'Student',110125);
Insert into PCALLOCATION (PCID,PCROLE,LOCATIONID) values (528487,'Student',110125);
Insert into PCALLOCATION (PCID,PCROLE,LOCATIONID) values (611507,'Student',110125);
REM INSERTING into STAFF
SET DEFINE OFF;
Insert into STAFF (STAFFID,NAME,JOB,WORKPHONENO,HOMEPHONENO,EMAIL,ADDRESS,POSTCODE,LOCATIONID) values (1,'Dave Whitburn','Senior Lecturer','6705','0114 824074','cnsdw5@uat.ac.uk','31 Ainsgarth Drive, Sheffield, South Yorkshire','S36 6TG',110084);
Insert into STAFF (STAFFID,NAME,JOB,WORKPHONENO,HOMEPHONENO,EMAIL,ADDRESS,POSTCODE,LOCATIONID) values (2,'Dave Bailey','Senior Lecturer','6853','0114 976529','tlowuz@uat.ac.uk','Station Road, Peak District National Park, Hope Valley, Derbyshire','S33 0BN',110085);
Insert into STAFF (STAFFID,NAME,JOB,WORKPHONENO,HOMEPHONENO,EMAIL,ADDRESS,POSTCODE,LOCATIONID) values (3,'Fran Milican','Senior Lecturer','6151','0114 751786','06xs0m@uat.ac.uk','31 Paddock Crescent, Sheffield, South Yorkshire ','S2 2AQ',110086);
Insert into STAFF (STAFFID,NAME,JOB,WORKPHONENO,HOMEPHONENO,EMAIL,ADDRESS,POSTCODE,LOCATIONID) values (4,'Ed Stevens','Principal Lecturer','6769','0114 268931','0sw2hy@uat.ac.uk','Gorse Close, Ravenfield, Rotherham, South Yorkshire ','S65 4JW',110088);
Insert into STAFF (STAFFID,NAME,JOB,WORKPHONENO,HOMEPHONENO,EMAIL,ADDRESS,POSTCODE,LOCATIONID) values (5,'Paul Nathan','Vice Chancellor','6635','0114 339824','khj69f@uat.ac.uk','329 Abbeydale Road South, Sheffield, South Yorkshire','S17 9BX',110015);
Insert into STAFF (STAFFID,NAME,JOB,WORKPHONENO,HOMEPHONENO,EMAIL,ADDRESS,POSTCODE,LOCATIONID) values (6,'Ann Wiggins','Librarian','6774','0114 482005','849ep5@uat.ac.uk','52 Pinfold Street, Eckington, Sheffield, Derbyshire','S21 4EX',110028);
Insert into STAFF (STAFFID,NAME,JOB,WORKPHONENO,HOMEPHONENO,EMAIL,ADDRESS,POSTCODE,LOCATIONID) values (7,'Jean Bridie','Student Support Officer','6775','0114 552654','ltdzrj@uat.ac.uk','20A Baden Powell Avenue, Chesterfield, Derbyshire ','S40 2RW',110029);
Insert into STAFF (STAFFID,NAME,JOB,WORKPHONENO,HOMEPHONENO,EMAIL,ADDRESS,POSTCODE,LOCATIONID) values (8,'Steve Richardson','Security Manager','6716','0114 584818','ro3tz8@uat.ac.uk','3 Woodhall Rise, Swinton, Mexborough, South Yorkshire ','S64 8TN',110088);
Insert into STAFF (STAFFID,NAME,JOB,WORKPHONENO,HOMEPHONENO,EMAIL,ADDRESS,POSTCODE,LOCATIONID) values (9,'Jeffry Cevallos','Research Fellow','6687','0114 584107','447fq0@uat.ac.uk','Brockwell, adj Peak View Road, Chesterfield, Derbyshire ','S40 4NW',110084);
Insert into STAFF (STAFFID,NAME,JOB,WORKPHONENO,HOMEPHONENO,EMAIL,ADDRESS,POSTCODE,LOCATIONID) values (10,'Malka Orsi','Student Support Officer','6398','0173 558048','j2tm6l@uat.ac.uk','55-57 Nether Hall Road, Doncaster, South Yorkshire ','DN55 1ES',110085);
Insert into STAFF (STAFFID,NAME,JOB,WORKPHONENO,HOMEPHONENO,EMAIL,ADDRESS,POSTCODE,LOCATIONID) values (11,'Penelope Snover','Catering Manager','6270','0173 385429','ceal3f@uat.ac.uk','17 Priory Place, Doncaster, South Yorkshire ','DN1 1DB',110086);
Insert into STAFF (STAFFID,NAME,JOB,WORKPHONENO,HOMEPHONENO,EMAIL,ADDRESS,POSTCODE,LOCATIONID) values (12,'Juana Divens','Professor ','6221','0114 432474','v2y00y@uat.ac.uk','1 Blyth Road, Harworth, Doncaster, Nottinghamshire ','DN11 8JZ',110088);
Insert into STAFF (STAFFID,NAME,JOB,WORKPHONENO,HOMEPHONENO,EMAIL,ADDRESS,POSTCODE,LOCATIONID) values (13,'Melvin Christiano','Student Support Officer','6626','0115 638234','plm5pk@uat.ac.uk','2 Parliament Terrace, Nottingham, Nottinghamshire ','NG1 5FX',110005);
Insert into STAFF (STAFFID,NAME,JOB,WORKPHONENO,HOMEPHONENO,EMAIL,ADDRESS,POSTCODE,LOCATIONID) values (14,'Everett Fuentes','Senior Lecturer','6662','0115 817330','qg995m@uat.ac.uk','174 Alfreton Road, Nottingham, Nottinghamshire','NG7 3NU',110087);
Insert into STAFF (STAFFID,NAME,JOB,WORKPHONENO,HOMEPHONENO,EMAIL,ADDRESS,POSTCODE,LOCATIONID) values (15,'Billie Freeze','Principal Lecturer','6336','0345 782666','cpwzd5@uat.ac.uk','86 Saint John''s Road, Stansted, Essex ','CM24 8JS',110088);
Insert into STAFF (STAFFID,NAME,JOB,WORKPHONENO,HOMEPHONENO,EMAIL,ADDRESS,POSTCODE,LOCATIONID) values (16,'Maryann Wengert','Secretary','6681','0161 487774','q8lblg@uat.ac.uk','7 Cranleigh Drive, Astley, Tyldesley, Manchester, Greater Manchester ','M29 7PW',110088);
Insert into STAFF (STAFFID,NAME,JOB,WORKPHONENO,HOMEPHONENO,EMAIL,ADDRESS,POSTCODE,LOCATIONID) values (17,'Kathrine Meagher','Help Desk Supervisor','6715','0161 707501','wl15a0@uat.ac.uk','60 Spring Gardens, Manchester, Greater Manchester ','M61 0AW',110005);
Insert into STAFF (STAFFID,NAME,JOB,WORKPHONENO,HOMEPHONENO,EMAIL,ADDRESS,POSTCODE,LOCATIONID) values (18,'Augustine Spevak','Receptionist','6303','0113 421845','y0l3rl@uat.ac.uk','The Balk, York, East Riding of Yorkshire ','YO42 2NX',110005);
--------------------------------------------------------
--  DDL for Index EQUIPMENT_PK
--------------------------------------------------------

  CREATE UNIQUE INDEX "EQUIPMENT_PK" ON "EQUIPMENT" ("EQUIPMENTID")
--------------------------------------------------------
--  DDL for Index NEWPCALLOCATION_PK
--------------------------------------------------------

  CREATE UNIQUE INDEX "NEWPCALLOCATION_PK" ON "PCALLOCATION" ("PCID")
--------------------------------------------------------
--  DDL for Index BOOKING_PK
--------------------------------------------------------

  CREATE UNIQUE INDEX "BOOKING_PK" ON "BOOKING" ("EVENTID", "LOCATIONID")
--------------------------------------------------------
--  DDL for Index EVENT_PK
--------------------------------------------------------

  CREATE UNIQUE INDEX "EVENT_PK" ON "EVENT" ("EVENTID")
--------------------------------------------------------
--  DDL for Index CONFIGURATION_PK
--------------------------------------------------------

  CREATE UNIQUE INDEX "CONFIGURATION_PK" ON "CONFIGURATION" ("LOCATIONID")
--------------------------------------------------------
--  DDL for Index BUILDING_PK
--------------------------------------------------------

  CREATE UNIQUE INDEX "BUILDING_PK" ON "BUILDING" ("BUILDINGID")
--------------------------------------------------------
--  DDL for Index LOCATION_PK
--------------------------------------------------------

  CREATE UNIQUE INDEX "LOCATION_PK" ON "LOCATION" ("LOCATIONID")
--------------------------------------------------------
--  DDL for Index EQUIPMENTALLOCATION_PK
--------------------------------------------------------

  CREATE UNIQUE INDEX "EQUIPMENTALLOCATION_PK" ON "EQUIPMENTALLOCATION" ("LOCATIONID", "EQUIPMENTID")
--------------------------------------------------------
--  DDL for Index STAFF_PK
--------------------------------------------------------

  CREATE UNIQUE INDEX "STAFF_PK" ON "STAFF" ("STAFFID")
--------------------------------------------------------
--  Constraints for Table CONFIGURATION
--------------------------------------------------------

  ALTER TABLE "CONFIGURATION" ADD CONSTRAINT "CONFIGURATION_PK" PRIMARY KEY ("LOCATIONID") ENABLE
  ALTER TABLE "CONFIGURATION" MODIFY ("LOCATIONID" NOT NULL ENABLE)
--------------------------------------------------------
--  Constraints for Table EQUIPMENT
--------------------------------------------------------

  ALTER TABLE "EQUIPMENT" ADD CONSTRAINT "EQUIPMENT_PK" PRIMARY KEY ("EQUIPMENTID") ENABLE
  ALTER TABLE "EQUIPMENT" MODIFY ("EQUIPMENTID" NOT NULL ENABLE)
--------------------------------------------------------
--  Constraints for Table BUILDING
--------------------------------------------------------

  ALTER TABLE "BUILDING" ADD CONSTRAINT "BUILDING_PK" PRIMARY KEY ("BUILDINGID") ENABLE
  ALTER TABLE "BUILDING" MODIFY ("BUILDINGNAME" NOT NULL ENABLE)
  ALTER TABLE "BUILDING" MODIFY ("BUILDINGID" NOT NULL ENABLE)
--------------------------------------------------------
--  Constraints for Table EVENT
--------------------------------------------------------

  ALTER TABLE "EVENT" ADD CONSTRAINT "EVENT_PK" PRIMARY KEY ("EVENTID") ENABLE
  ALTER TABLE "EVENT" MODIFY ("EVENTID" NOT NULL ENABLE)
--------------------------------------------------------
--  Constraints for Table STAFF
--------------------------------------------------------

  ALTER TABLE "STAFF" ADD CONSTRAINT "STAFF_PK" PRIMARY KEY ("STAFFID") ENABLE
  ALTER TABLE "STAFF" MODIFY ("STAFFID" NOT NULL ENABLE)
--------------------------------------------------------
--  Constraints for Table EQUIPMENTALLOCATION
--------------------------------------------------------

  ALTER TABLE "EQUIPMENTALLOCATION" ADD CONSTRAINT "EQUIPALLO_QUANTITY_CHK1" CHECK (QUANTITY >= 0) ENABLE
  ALTER TABLE "EQUIPMENTALLOCATION" ADD CONSTRAINT "EQUIPMENTALLOCATION_PK" PRIMARY KEY ("LOCATIONID", "EQUIPMENTID") ENABLE
  ALTER TABLE "EQUIPMENTALLOCATION" MODIFY ("LOCATIONID" NOT NULL ENABLE)
  ALTER TABLE "EQUIPMENTALLOCATION" MODIFY ("EQUIPMENTID" NOT NULL ENABLE)
--------------------------------------------------------
--  Constraints for Table LOCATION
--------------------------------------------------------

  ALTER TABLE "LOCATION" ADD CONSTRAINT "LOCATION_LENGTH_CHK" CHECK (LENGTH >= 0) ENABLE
  ALTER TABLE "LOCATION" ADD CONSTRAINT "LOCATION_PK" PRIMARY KEY ("LOCATIONID") ENABLE
  ALTER TABLE "LOCATION" ADD CONSTRAINT "LOCATION_WIDTH_CHK" CHECK (WIDTH >= 0) ENABLE
  ALTER TABLE "LOCATION" MODIFY ("LOCATIONID" NOT NULL ENABLE)
--------------------------------------------------------
--  Constraints for Table BOOKING
--------------------------------------------------------

  ALTER TABLE "BOOKING" ADD CONSTRAINT "BOOKING_PK" PRIMARY KEY ("EVENTID", "LOCATIONID") ENABLE
  ALTER TABLE "BOOKING" MODIFY ("LOCATIONID" NOT NULL ENABLE)
  ALTER TABLE "BOOKING" MODIFY ("EVENTID" NOT NULL ENABLE)
--------------------------------------------------------
--  Constraints for Table PCALLOCATION
--------------------------------------------------------

  ALTER TABLE "PCALLOCATION" ADD CONSTRAINT "NEWPCALLOCATION_PK" PRIMARY KEY ("PCID") ENABLE
  ALTER TABLE "PCALLOCATION" MODIFY ("PCID" NOT NULL ENABLE)
--------------------------------------------------------
--  Ref Constraints for Table BOOKING
--------------------------------------------------------

  ALTER TABLE "BOOKING" ADD CONSTRAINT "BOOKING_EVENT_FK" FOREIGN KEY ("EVENTID")
	  REFERENCES "EVENT" ("EVENTID") ENABLE
  ALTER TABLE "BOOKING" ADD CONSTRAINT "BOOKING_LOCATION_FK" FOREIGN KEY ("LOCATIONID")
	  REFERENCES "LOCATION" ("LOCATIONID") ENABLE
--------------------------------------------------------
--  Ref Constraints for Table CONFIGURATION
--------------------------------------------------------

  ALTER TABLE "CONFIGURATION" ADD CONSTRAINT "CONFIG_LOCATION_FK" FOREIGN KEY ("LOCATIONID")
	  REFERENCES "LOCATION" ("LOCATIONID") ENABLE
--------------------------------------------------------
--  Ref Constraints for Table EQUIPMENTALLOCATION
--------------------------------------------------------

  ALTER TABLE "EQUIPMENTALLOCATION" ADD CONSTRAINT "EQUIPALLO_EQUIPMENT_FK" FOREIGN KEY ("EQUIPMENTID")
	  REFERENCES "EQUIPMENT" ("EQUIPMENTID") DISABLE
  ALTER TABLE "EQUIPMENTALLOCATION" ADD CONSTRAINT "EQUIPALLO_LOCATION_FK" FOREIGN KEY ("LOCATIONID")
	  REFERENCES "LOCATION" ("LOCATIONID") DISABLE
--------------------------------------------------------
--  Ref Constraints for Table EVENT
--------------------------------------------------------

  ALTER TABLE "EVENT" ADD CONSTRAINT "EVENT_STAFF_FK1" FOREIGN KEY ("STAFFID")
	  REFERENCES "STAFF" ("STAFFID") ENABLE
--------------------------------------------------------
--  Ref Constraints for Table LOCATION
--------------------------------------------------------

  ALTER TABLE "LOCATION" ADD CONSTRAINT "LOC_BUILDING_FK" FOREIGN KEY ("BUILDINGID")
	  REFERENCES "BUILDING" ("BUILDINGID") ENABLE
--------------------------------------------------------
--  Ref Constraints for Table PCALLOCATION
--------------------------------------------------------

  ALTER TABLE "PCALLOCATION" ADD CONSTRAINT "NEWPCALLOCATION_FK1" FOREIGN KEY ("LOCATIONID")
	  REFERENCES "LOCATION" ("LOCATIONID") ENABLE
--------------------------------------------------------
--  Ref Constraints for Table STAFF
--------------------------------------------------------

  ALTER TABLE "STAFF" ADD CONSTRAINT "STAFF_LOCATION_FK1" FOREIGN KEY ("LOCATIONID")
	  REFERENCES "LOCATION" ("LOCATIONID") ENABLE
--------------------------------------------------------
--  DDL for Trigger BUILDINGID_TRIG
--------------------------------------------------------

  CREATE OR REPLACE TRIGGER "BUILDINGID_TRIG" 
   before insert on "BUILDING" 
   for each row 
begin  
   if inserting then 
      if :NEW."BUILDINGID" is null then 
         select BUILDINGID_SEQ.nextval into :NEW."BUILDINGID" from dual; 
      end if; 
   end if; 
end;

ALTER TRIGGER "BUILDINGID_TRIG" ENABLE
--------------------------------------------------------
--  DDL for Trigger EQUIPMENT_TRG
--------------------------------------------------------

  CREATE OR REPLACE TRIGGER "EQUIPMENT_TRG" BEFORE INSERT ON EQUIPMENT 
FOR EACH ROW 
BEGIN
  <<COLUMN_SEQUENCES>>
  BEGIN
    IF :NEW.EQUIPMENTID IS NULL THEN
      SELECT EQUIPMENT_SEQ.NEXTVAL INTO :NEW.EQUIPMENTID FROM DUAL;
    END IF;
  END COLUMN_SEQUENCES;
END;
ALTER TRIGGER "EQUIPMENT_TRG" ENABLE
--------------------------------------------------------
--  DDL for Trigger EVENT_TRG
--------------------------------------------------------

  CREATE OR REPLACE TRIGGER "EVENT_TRG" BEFORE INSERT ON EVENT 
FOR EACH ROW 
BEGIN
  <<COLUMN_SEQUENCES>>
  BEGIN
    IF :NEW.EVENTID IS NULL THEN
      SELECT EVENT_SEQ.NEXTVAL INTO :NEW.EVENTID FROM DUAL;
    END IF;
  END COLUMN_SEQUENCES;
END;
ALTER TRIGGER "EVENT_TRG" ENABLE
--------------------------------------------------------
--  DDL for Trigger LOCATION_TRG
--------------------------------------------------------

  CREATE OR REPLACE TRIGGER "LOCATION_TRG" BEFORE INSERT ON LOCATION 
FOR EACH ROW 
BEGIN
  <<COLUMN_SEQUENCES>>
  BEGIN
    IF :NEW.LOCATIONID IS NULL THEN
      SELECT LOCATION_SEQ.NEXTVAL INTO :NEW.LOCATIONID FROM DUAL;
    END IF;
  END COLUMN_SEQUENCES;
END;
ALTER TRIGGER "LOCATION_TRG" ENABLE
--------------------------------------------------------
--  DDL for Trigger STAFF_TRG
--------------------------------------------------------

  CREATE OR REPLACE TRIGGER "STAFF_TRG" BEFORE INSERT ON STAFF 
FOR EACH ROW 
BEGIN
  <<COLUMN_SEQUENCES>>
  BEGIN
    IF :NEW.STAFFID IS NULL THEN
      SELECT STAFF_SEQ.NEXTVAL INTO :NEW.STAFFID FROM DUAL;
    END IF;
  END COLUMN_SEQUENCES;
END;
ALTER TRIGGER "STAFF_TRG" ENABLE
